studyID,studyName,species,treatment,treatment.year,%BA-removed,treatment.notes,measurement.year,responseVariable,units,mean_treatment,n_treatment,sd_treatment,se_treatment,mean_control,n_control,sd_control,se_control,disturbance,disturbanceStart,disturbanceEnd,mortalityAgent,method,SiteName,latitude coordinate,longitude coordinate,comment,"Carbon-vs-Mortality (1=Carbon, 2=Mortality)",ImputedBAremoved? (1=yes),ImputedSD? (1=yes),MortalityAttributionUncertain (1=yes),PercentComposition,"GroupingFlags (same number = should be grouped later, recycle numbers between studies. If nothing should be grouped, write NA)"
33,Egan et al. 2010,All species,Commercially thinned,early 1990s,37.2,Table 4; provides median (not mean) values; summed across all insect agents,,Percent mortality,%,16.5,10,,,31.4,20,,,insects,2001,2007,All bark beetle,field census,"Warner Mountains, Modoc National Forest, in northeastern California",,,Table 4; provides median (not mean) values; summed across all insect agents,2,0,1,0,,NA
33,Egan et al. 2010,All species,Salvage-thinned,1990's,32.1223709,Table 4; provides median (not mean) values; summed across all insect agents,2006/2007,Percent mortality,%,25.7,27,,,31.4,20,,,insects,2001,2007,All bark beetle,field census,"Warner Mountains, Modoc National Forest, in northeastern California",,,Table 4; provides median (not mean) values; summed across all insect agents,2,0,1,0,,NA
33,Egan et al. 2010,All species,Commercially thinned,early 1990s,37.2,Table 4; provides median (not mean) values; summed across all insect agents,,Basal area,m2/ha,37.2,10,4.7434,1.5,52.3,20,20.1246,4.5,insects,2001,2007,All bark beetle,field census,"Warner Mountains, Modoc National Forest, in northeastern California",,,Table 3,1,0,0,0,,NA
33,Egan et al. 2010,All species,Salvage-thinned,1990's,32.1223709,Table 4; provides median (not mean) values; summed across all insect agents,2006/2007,Basal area,m2/ha,35.5,27,10.3923,2,52.3,20,20.1246,4.5,insects,2001,2007,All bark beetle,field census,"Warner Mountains, Modoc National Forest, in northeastern California",,,Table 3,1,0,0,0,,NA
61,Fajvan and Gottschalk 2012,mixed oak stand (red & white),low thinning,1981,31,"% stock change, not real BA%",1987,Wood volume,cm3,78694.7,27,148876.0023,28651.2,79778.2,27,153864.8282,29611.3,insects,1981,1982,gypsy moth,Field experiment,Clinton County Pennsylvania,41.2325278,-77.6423307,Table 1,1,0,0,0,,NA
61,Fajvan and Gottschalk 2012,mixed oak stand (red & white),moderate thinning,1981,42,"% stock change, not real BA%",1987,Wood volume,cm3,85837.2,27,165535.3866,31857.3,79778.2,27,153864.8282,29611.3,insects,1981,1982,gypsy moth,Field experiment,Clinton County Pennsylvania,41.2325278,-77.6423307,Table 1,1,0,0,0,,NA
59,Negr√≥n et al. 2022,Pinus ponderosa,Thinned,2014,71,,,Basal area killed by beetles,%,3.9,21,3.2,0.69829,38.2,21,7,1.5275,insects,1990,2014,mountain pine beetle,Field experiment,"Black Hills National Forest, South Dakota and Wyoming",,,Table 2,2,0,0,0,,NA
191,Sturdevant et al. 2022,Pseudotsuga menziesii,Thinned,2014-2015,55,calculated from BA of untreated to teated stands,2017-2018,Basal area,ft2/ac,62,18,10.6066,2.5,140,12,24.5951,7.1,insects,2015,2016,douglas fir beetle,Field experimet,"Helena National Forest, Montana",46.3,-111.5,Table 1,1,0,0,0,,NA
191,Sturdevant et al. 2022,Pseudotsuga menziesii,Thinned,2014-2015,55,calculated from BA of untreated to teated stands,2017-2018,% Mortality killed by beetles,%,1.574468,18,4.15237,0.978724,3.531915,12,5.1593,1.4893617,insects,2015,2016,douglas fir beetle,Field experimet,"Helena National Forest, Montana",46.3,-111.5,figure 1,2,0,0,0,,NA
58,Hood et al. 2016,Pinus ponderosa,burn only,2001-2002,10,,2012,stand mortality,%,39,3,6.92820323,4,50,3,8.660254038,5,insects,2005,2012,bark beetle,Field experiment,Lubrecht Experimental Forest,46.88333333,-113.4333333,Figure 2,2,0,0,0,,NA
58,Hood et al. 2016,Pinus ponderosa,thin only,2001-2002,50,,2012,stand mortality,%,1,3,3.464101615,2,50,3,8.660254038,5,insects,2005,2012,bark beetle,Field experiment,Lubrecht Experimental Forest,46.88333333,-113.4333333,Figure 2,2,0,0,0,,NA
58,Hood et al. 2016,Pinus ponderosa,thin-burn,2001-2002,65,,2012,stand mortality,%,14,3,8.660254038,5,50,3,8.660254038,5,insects,2005,2012,bark beetle,Field experiment,Lubrecht Experimental Forest,46.88333333,-113.4333333,Figure 2,2,0,0,0,,NA
58,Hood et al. 2016,Pinus ponderosa,burn only,2001-2002,10,,2012,Live basal area,m2/ha,9.1,3,2.078460969,1.2,6.6,3,2.078460969,1.2,insects,2005,2012,bark beetle,Field experiment,Lubrecht Experimental Forest,46.88333333,-113.4333333,Figure 2,1,0,0,0,,NA
58,Hood et al. 2016,Pinus ponderosa,thin only,2001-2002,50,,2012,Live basal area,m2/ha,10.6,3,2.424871131,1.4,6.6,3,2.078460969,1.2,insects,2005,2012,bark beetle,Field experiment,Lubrecht Experimental Forest,46.88333333,-113.4333333,Figure 2,1,0,0,0,,NA
58,Hood et al. 2016,Pinus ponderosa,thin-burn,2001-2002,65,,2012,Live basal area,m2/ha,8.2,3,2.25166605,1.3,6.6,3,2.078460969,1.2,insects,2005,2012,bark beetle,Field experiment,Lubrecht Experimental Forest,46.88333333,-113.4333333,Figure 2,1,0,0,0,,NA
284,Westlind and Kerns 2021,Ponderosa Pine,fall burn - 5 yr reburn interval,"1997, 2002, 2007, 2012/13 ",NA,"no mention of severity, but probably lower severity, as flame length only 1.5m",2002-2017,mortality,nr trees per ha,3.44387755,6,7.57176455,3.09115993,12.8188776,6,7.97027847,3.25385256,insects,unclear (2002),unclear (2017),western pine beetle,Field experiment,Emigrant Creek Ranger District,43.8,-118.98,Cumulative mortality from 2002 to 2017,2,0,0,1,,NA
284,Westlind and Kerns 2021,Ponderosa Pine,fall burn - 15 yr reburn interval,"1997, 2012/13 ",NA,"no mention of severity, but probably lower severity, as flame length only 1.5m",2002-2017,mortality,nr trees per ha,6.05867347,6,8.20938683,3.35146814,12.8188776,6,7.97027847,3.25385256,insects,unclear (2002),unclear (2017),western pine beetle,Field experiment,Emigrant Creek Ranger District,43.8,-118.98,Cumulative mortality from 2002 to 2018,2,0,0,1,,NA
284,Westlind and Kerns 2021,Ponderosa Pine,spring burn - 5 yr reburn interval,"1998, 2003, 2008, 2013/14",NA,"no mention of severity, but probably lower severity, as flame length only 1.5m",2002-2017,mortality,nr trees per ha,12.627551,6,7.49206177,3.05862141,12.8188776,6,7.97027847,3.25385256,insects,unclear (2002),unclear (2017),western pine beetle,Field experiment,Emigrant Creek Ranger District,43.8,-118.98,Cumulative mortality from 2002 to 2019,2,0,0,1,,NA
284,Westlind and Kerns 2021,Ponderosa Pine,spring burn - 15 yr reburn interval,"1998, 2012/13 ",NA,"no mention of severity, but probably lower severity, as flame length only 1.5m",2002-2017,mortality,nr trees per ha,10.5867347,6,7.73117012,3.15623698,12.8188776,6,7.97027847,3.25385256,insects,unclear (2002),unclear (2017),western pine beetle,Field experiment,Emigrant Creek Ranger District,43.8,-118.98,Cumulative mortality from 2002 to 2020,2,0,0,1,,NA
288,Fettig et al 2010,"Mixed conifers, mostly ponderosa and jeffrey pine",early-season-burn-all,2005,15.4368932,"BA removed here is % of trees removed, where removed is derived from ""direct mortality"", i.e. trees which died from the fire by 2008 without signs of beetle attack.",2008,mortality,% of trees,6.01398601,3,2.18020381,1.25874126,0.27972028,3,0.12112243,0.06993007,insects,unclear (2005?),unclear (2008),"bark beetles, various",Field experiment,Tahoe National Forest,39.45,-120.12,Number in the treatment column is mid-point of 10cm diameter class,2,0,0,0,,NA
288,Fettig et al 2010,"Mixed conifers, mostly ponderosa and jeffrey pine",late-season-burn-all,2005,18.3495146,"BA removed here is % of trees removed, where removed is derived from ""direct mortality"", i.e. trees which died from the fire by 2008 without signs of beetle attack.",2008,mortality,% of trees,6.92307692,3,4.6026525,2.65734266,0.27972028,3,0.12112243,0.06993007,insects,unclear (2005?),unclear (2008),"bark beetles, various",Field experiment,Tahoe National Forest,39.45,-120.12,Number in the treatment column is mid-point of 10cm diameter class,2,0,0,0,,NA
283,Fettig et al 2014,"Pinus ponderosa and jeffreyi, Abies concolor",h-burn-all,1997-2000,4.39259233,"BA removed here is % of trees removed, where removed is derived by substracting the beetle-caused mortality from total mortality over the measurement period. Non-beetle mortality was less than 1 % in control plots, so I think most of it can be attributed to fire mortality in the burn plots.",2008-2012,mortality,% of trees,6.21085595,6,4.85806943,1.98329854,5.21920668,6,4.60238156,1.87891441,insects,unclear (200ish?),unclear (2010ish?),"bark beetles, various",Field experiment,Blacks Mountain Experimental Forest,40.67,-121.17,"Measurements roughly 10yr after treatment, number in treatment column refers to midpoint of 10cm diameter classes, ""l"" and ""h"" refer to thinning treatments prior to burns. These don't have a control, so should not be used as factor here.",2,0,0,1,,NA
283,Fettig et al 2014,"Pinus ponderosa and jeffreyi, Abies concolor",l-burn-all,1997-2000,9.9046145,"BA removed here is % of trees removed, where removed is derived by substracting the beetle-caused mortality from total mortality over the measurement period. Non-beetle mortality was less than 1 % in control plots, so I think most of it can be attributed to fire mortality in the burn plots.",2008-2012,mortality,% of trees,8.71607516,6,4.73022549,1.93110647,4.12317328,6,4.85806943,1.98329854,insects,unclear (200ish?),unclear (2010ish?),"bark beetles, various",Field experiment,Blacks Mountain Experimental Forest,40.67,-121.17,"Measurements roughly 10yr after treatment, number in treatment column refers to midpoint of 10cm diameter classes, ""l"" and ""h"" refer to thinning treatments prior to burns. These don't have a control, so should not be used as factor here.",2,0,0,1,,NA
60,Steel et al. 2021,Abies concolor,burned/no thin,2000,NA,BA% was not mentioned,"2011, 2017",stand mortality,%,33.75,3,,,37.75,3,,,drought&insect,2012,2016,beetle,Field experiment,Teakettle Experimental Forest,36.96666667,-116.0333333,Table S1,2,1,1,0,65.58,1
60,Steel et al. 2021,Abies concolor,unburned/understory thin,2000,NA,,"2011, 2017",stand mortality,%,32.5,3,,,37.75,3,,,drought&insect,2012,2016,beetle,Field experiment,Teakettle Experimental Forest,36.96666667,-116.0333333,Table S1,2,1,1,0,65.58,2
60,Steel et al. 2021,Abies concolor,burned/understory thin,2000,NA,,"2011, 2017",stand mortality,%,39,3,,,37.75,3,,,drought&insect,2012,2016,beetle,Field experiment,Teakettle Experimental Forest,36.96666667,-116.0333333,Table S1,2,1,1,0,65.58,3
60,Steel et al. 2021,Abies concolor,unburned/overstory thin,2000,NA,,"2011, 2017",stand mortality,%,35.5,3,,,37.75,3,,,drought&insect,2012,2016,beetle,Field experiment,Teakettle Experimental Forest,36.96666667,-116.0333333,Table S1,2,1,1,0,65.58,4
60,Steel et al. 2021,Abies concolor,burned/overstory thin,2000,NA,,"2011, 2017",stand mortality,%,36.25,3,,,37.75,3,,,drought&insect,2012,2016,beetle,Field experiment,Teakettle Experimental Forest,36.96666667,-116.0333333,Table S1,2,1,1,0,65.58,5
60,Steel et al. 2021,Abies magnifica,burned/no thin,2000,NA,,"2011, 2017",stand mortality,%,100,3,,,35.75,3,,,drought&insect,2012,2016,beetle,Field experiment,Teakettle Experimental Forest,36.96666667,-116.0333333,Table S1,2,1,1,0,4.89,1
60,Steel et al. 2021,Abies magnifica,unburned/understory thin,2000,NA,,"2011, 2017",stand mortality,%,22.75,3,,,35.75,3,,,drought&insect,2012,2016,beetle,Field experiment,Teakettle Experimental Forest,36.96666667,-116.0333333,Table S1,2,1,1,0,4.89,2
60,Steel et al. 2021,Abies magnifica,burned/understory thin,2000,NA,,"2011, 2017",stand mortality,%,40.5,3,,,35.75,3,,,drought&insect,2012,2016,beetle,Field experiment,Teakettle Experimental Forest,36.96666667,-116.0333333,Table S1,2,1,1,0,4.89,3
60,Steel et al. 2021,Abies magnifica,unburned/overstory thin,2000,NA,,"2011, 2017",stand mortality,%,26,3,,,35.75,3,,,drought&insect,2012,2016,beetle,Field experiment,Teakettle Experimental Forest,36.96666667,-116.0333333,Table S1,2,1,1,0,4.89,4
60,Steel et al. 2021,Abies magnifica,burned/overstory thin,2000,NA,,"2011, 2017",stand mortality,%,0,3,,,35.75,3,,,drought&insect,2012,2016,beetle,Field experiment,Teakettle Experimental Forest,36.96666667,-116.0333333,Table S1,2,1,1,0,4.89,5
60,Steel et al. 2021,Calocedrus decurrens,burned/no thin,2000,NA,,"2011, 2017",stand mortality,%,2,3,,,2.5,3,,,drought&insect,2012,2016,beetle,Field experiment,Teakettle Experimental Forest,36.96666667,-116.0333333,Table S1,2,1,1,0,16.52,1
60,Steel et al. 2021,Calocedrus decurrens,unburned/understory thin,2000,NA,,"2011, 2017",stand mortality,%,1,3,,,2.5,3,,,drought&insect,2012,2016,beetle,Field experiment,Teakettle Experimental Forest,36.96666667,-116.0333333,Table S1,2,1,1,0,16.52,2
60,Steel et al. 2021,Calocedrus decurrens,burned/understory thin,2000,NA,,"2011, 2017",stand mortality,%,3.25,3,,,2.5,3,,,drought&insect,2012,2016,beetle,Field experiment,Teakettle Experimental Forest,36.96666667,-116.0333333,Table S1,2,1,1,0,16.52,3
60,Steel et al. 2021,Calocedrus decurrens,unburned/overstory thin,2000,NA,,"2011, 2017",stand mortality,%,0.75,3,,,2.5,3,,,drought&insect,2012,2016,beetle,Field experiment,Teakettle Experimental Forest,36.96666667,-116.0333333,Table S1,2,1,1,0,16.52,4
60,Steel et al. 2021,Calocedrus decurrens,burned/overstory thin,2000,NA,,"2011, 2017",stand mortality,%,2.5,3,,,2.5,3,,,drought&insect,2012,2016,beetle,Field experiment,Teakettle Experimental Forest,36.96666667,-116.0333333,Table S1,2,1,1,0,16.52,5
60,Steel et al. 2021,Pinus jeffreyi,burned/no thin,2000,NA,,"2011, 2017",stand mortality,%,7.5,3,,,17.75,3,,,drought&insect,2012,2016,beetle,Field experiment,Teakettle Experimental Forest,36.96666667,-116.0333333,Table S1,2,1,1,0,4.44,1
60,Steel et al. 2021,Pinus jeffreyi,unburned/understory thin,2000,NA,,"2011, 2017",stand mortality,%,6,3,,,17.75,3,,,drought&insect,2012,2016,beetle,Field experiment,Teakettle Experimental Forest,36.96666667,-116.0333333,Table S1,2,1,1,0,4.44,2
60,Steel et al. 2021,Pinus jeffreyi,burned/understory thin,2000,NA,,"2011, 2017",stand mortality,%,1.25,3,,,17.75,3,,,drought&insect,2012,2016,beetle,Field experiment,Teakettle Experimental Forest,36.96666667,-116.0333333,Table S1,2,1,1,0,4.44,3
60,Steel et al. 2021,Pinus jeffreyi,unburned/overstory thin,2000,NA,,"2011, 2017",stand mortality,%,2,3,,,17.75,3,,,drought&insect,2012,2016,beetle,Field experiment,Teakettle Experimental Forest,36.96666667,-116.0333333,Table S1,2,1,1,0,4.44,4
60,Steel et al. 2021,Pinus jeffreyi,burned/overstory thin,2000,NA,,"2011, 2017",stand mortality,%,1.75,3,,,17.75,3,,,drought&insect,2012,2016,beetle,Field experiment,Teakettle Experimental Forest,36.96666667,-116.0333333,Table S1,2,1,1,0,4.44,5
60,Steel et al. 2021,Pinus lambertiana,burned/no thin,2000,NA,,"2011, 2017",stand mortality,%,33.5,3,,,28.5,3,,,drought&insect,2012,2016,beetle,Field experiment,Teakettle Experimental Forest,36.96666667,-116.0333333,Table S1,2,1,1,0,8.57,1
60,Steel et al. 2021,Pinus lambertiana,unburned/understory thin,2000,NA,,"2011, 2017",stand mortality,%,37.25,3,,,28.5,3,,,drought&insect,2012,2016,beetle,Field experiment,Teakettle Experimental Forest,36.96666667,-116.0333333,Table S1,2,1,1,0,8.57,2
60,Steel et al. 2021,Pinus lambertiana,burned/understory thin,2000,NA,,"2011, 2017",stand mortality,%,18.33333,3,,,28.5,3,,,drought&insect,2012,2016,beetle,Field experiment,Teakettle Experimental Forest,36.96666667,-116.0333333,Table S1,2,1,1,0,8.57,3
60,Steel et al. 2021,Pinus lambertiana,unburned/overstory thin,2000,NA,,"2011, 2017",stand mortality,%,14.5,3,,,28.5,3,,,drought&insect,2012,2016,beetle,Field experiment,Teakettle Experimental Forest,36.96666667,-116.0333333,Table S1,2,1,1,0,8.57,4
60,Steel et al. 2021,Pinus lambertiana,burned/overstory thin,2000,NA,,"2011, 2017",stand mortality,%,39.75,3,,,28.5,3,,,drought&insect,2012,2016,beetle,Field experiment,Teakettle Experimental Forest,36.96666667,-116.0333333,Table S1,2,1,1,0,8.57,5
129,Morris et al. 2022,Pinus contorta,Low thinning + timber stand improvement,1938,50,,2018,Basal area killed by beetles,m2/ha,80,4,20,10,83,4,14,7,insects,2003,2010,mountain pine beetle,Field experiment,"Fraser Experimental Forest, Colorado",39.883,-105.883,Figure 2,2,0,0,0,0,NA
129,Morris et al. 2022,Pinus contorta,Moderate thinning + timber stand improvement,1938,67,,2018,Basal area killed by beetles,m2/ha,71,4,22,11,83,4,14,7,insects,2003,2010,mountain pine beetle,Field experiment,"Fraser Experimental Forest, Colorado",39.883,-105.883,Figure 2,2,0,0,0,0,NA
129,Morris et al. 2022,Pinus contorta,"Moderate thinning, no timber stand improvement",1938,67,,2018,Basal area killed by beetles,m2/ha,81,4,20,10,83,4,14,7,insects,2003,2010,mountain pine beetle,Field experiment,"Fraser Experimental Forest, Colorado",39.883,-105.883,Figure 2,2,0,0,0,0,NA
129,Morris et al. 2022,Pinus contorta,High thinning + timber stand improvement,1938,83,,2018,Basal area killed by beetles,m2/ha,63,4,18,9,83,4,14,7,insects,2003,2010,mountain pine beetle,Field experiment,"Fraser Experimental Forest, Colorado",39.883,-105.883,Figure 2,2,0,0,0,0,NA
129,Morris et al. 2022,Pinus contorta,"High thinning, no timber stand improvement",1938,83,,2018,Basal area killed by beetles,m2/ha,82,4,16,8,83,4,14,7,insects,2003,2010,mountain pine beetle,Field experiment,"Fraser Experimental Forest, Colorado",39.883,-105.883,Figure 2,2,0,0,0,0,NA
129,Morris et al. 2022,Pinus contorta,Low thinning + timber stand improvement,1938,50,,2018,Live basal area,m2/ha,23,4,10,5,10.5,4,6,3,insects,2003,2010,mountain pine beetle,Field experiment,"Fraser Experimental Forest, Colorado",39.883,-105.883,Figure 4,1,0,0,0,0,NA
129,Morris et al. 2022,Pinus contorta,Moderate thinning + timber stand improvement,1938,67,,2018,Live basal area,m2/ha,28,4,16,8,10.5,4,6,3,insects,2003,2010,mountain pine beetle,Field experiment,"Fraser Experimental Forest, Colorado",39.883,-105.883,Figure 4,1,0,0,0,0,NA
129,Morris et al. 2022,Pinus contorta,"Moderate thinning, no timber stand improvement",1938,67,,2018,Live basal area,m2/ha,15.5,4,12,6,10.5,4,6,3,insects,2003,2010,mountain pine beetle,Field experiment,"Fraser Experimental Forest, Colorado",39.883,-105.883,Figure 4,1,0,0,0,0,NA
129,Morris et al. 2022,Pinus contorta,High thinning + timber stand improvement,1938,83,,2018,Live basal area,m2/ha,24,4,12,6,10.5,4,6,3,insects,2003,2010,mountain pine beetle,Field experiment,"Fraser Experimental Forest, Colorado",39.883,-105.883,Figure 4,1,0,0,0,0,NA
129,Morris et al. 2022,Pinus contorta,"High thinning, no timber stand improvement",1938,83,,2018,Live basal area,m2/ha,17,4,11,5.5,10.5,4,6,3,insects,2003,2010,mountain pine beetle,Field experiment,"Fraser Experimental Forest, Colorado",39.883,-105.883,Figure 4,1,0,0,0,0,NA
181,D'amato et al 2011,Picea glauca,Thinning,1999-2002,51,,2004-2007,Stem mortality rate,%,5.7,30,7.668115805,1.4,14,30,7.668115805,1.4,insects,2002,2005,spruce budworm,Field experiment,Northern Minnesota,47/48,93,,2,0,0,0,,NA
193,Zhang et al 2013,Ponderosa Pine,thinning,"1967, 1977, 1986",70.80291971,136_stems_per_hectare,2012,mortality,m2/ha,0,3,NA,NA,0,3,NA,NA,insects,1987,2012,dendroctonus bark beetle,Field experiment,Blue Mountains,44.35,-118.28,"**NO TRUE CONTROL: Control was 20-38% BA removed; methods suggest 45 years of measurement, figure 6 says 60 years. typo?.*** n likely 3 ",2,0,1,0,,NA
193,Zhang et al 2013,Ponderosa Pine,thinning,"1967, 1977, 1986",58.23529412,272_stems_per_hectare,2012,mortality,m2/ha,0,3,NA,NA,0,3,NA,NA,insects,1987,2012,dendroctonus bark beetle,Field experiment,Blue Mountains,44.35,-118.28,"**methods suggest 45 years of measurement, figure 6 says 60 years. typo?.*** n likely 3 but not sure",2,0,1,0,,NA
193,Zhang et al 2013,Ponderosa Pine,thinning,"1967, 1977, 1986",48.7654321,363_stems_per_hectare,2012,mortality,m2/ha,0,3,NA,NA,0,3,NA,NA,insects,1987,2012,dendroctonus bark beetle,Field experiment,Blue Mountains,44.35,-118.28,"**methods suggest 45 years of measurement, figure 6 says 60 years. typo?.*** n likely 3 but not sure",2,0,1,0,,NA
193,Zhang et al 2013,Ponderosa Pine,thinning,"1967, 1977, 1986",43.75,452_stems_per_hectare,2012,mortality,m2/ha,0,3,NA,NA,0,3,NA,NA,insects,1987,2012,dendroctonus bark beetle,Field experiment,Blue Mountains,44.35,-118.28,"**methods suggest 45 years of measurement, figure 6 says 60 years. typo?.*** n likely 3 but not sure",2,0,1,0,,NA
193,Zhang et al 2013,Ponderosa Pine,thinning,"1967, 1977, 1986",38.88888889,544_stems_per_hectare,2012,mortality,m2/ha,0,3,NA,NA,0,3,NA,NA,insects,1987,2012,dendroctonus bark beetle,Field experiment,Blue Mountains,44.35,-118.28,"**methods suggest 45 years of measurement, figure 6 says 60 years. typo?.*** n likely 3 but not sure",2,0,1,0,,NA
193,Zhang et al 2013,Ponderosa Pine,thinning,"1965, 1975, 1985",76.66666667,136_stems_per_hectare,2012,mortality,m2/ha,0,3,NA,NA,7.894736842,3,NA,NA,insects,1987,2012,dendroctonus bark beetle,Field experiment,Lookout Mountain,43.46,-121.43,"**methods suggest 45 years of measurement, figure 6 says 60 years. typo?",2,0,1,0,,NA
193,Zhang et al 2013,Ponderosa Pine,thinning,"1965, 1975, 1985",67.31707317,272_stems_per_hectare,2012,mortality,m2/ha,3.383458647,3,NA,NA,7.894736842,3,NA,NA,insects,1987,2012,dendroctonus bark beetle,Field experiment,Lookout Mountain,43.46,-121.43,"**methods suggest 45 years of measurement, figure 6 says 60 years. typo?",2,0,1,0,,NA
193,Zhang et al 2013,Ponderosa Pine,thinning,"1965, 1975, 1985",61.68224299,363_stems_per_hectare,2012,mortality,m2/ha,1.879699248,3,NA,NA,7.894736842,3,NA,NA,insects,1987,2012,dendroctonus bark beetle,Field experiment,Lookout Mountain,43.46,-121.43,"**methods suggest 45 years of measurement, figure 6 says 60 years. typo?",2,0,1,0,,NA
193,Zhang et al 2013,Ponderosa Pine,thinning,"1965, 1975, 1985",54.50236967,452_stems_per_hectare,2012,mortality,m2/ha,2.255639098,3,NA,NA,7.894736842,3,NA,NA,insects,1987,2012,dendroctonus bark beetle,Field experiment,Lookout Mountain,43.46,-121.43,"**methods suggest 45 years of measurement, figure 6 says 60 years. typo?",2,0,1,0,,NA
193,Zhang et al 2013,Ponderosa Pine,thinning,"1965, 1975, 1985",47.39130435,544_stems_per_hectare,2012,mortality,m2/ha,4.887218045,3,NA,NA,7.894736842,3,NA,NA,insects,1987,2012,dendroctonus bark beetle,Field experiment,Lookout Mountain,43.46,-121.43,"**methods suggest 45 years of measurement, figure 6 says 60 years. typo?",2,0,1,0,,NA
193,Zhang et al 2013,Ponderosa Pine,thinning,"1965, 1975, 1985",38.28828829,635_stems_per_hectare,2012,mortality,m2/ha,7.894736842,3,NA,NA,43.30708661,3,NA,NA,insects,1987,2012,dendroctonus bark beetle,Field experiment,Lookout Mountain,43.46,-121.43,"**methods suggest 45 years of measurement, figure 6 says 60 years. typo?",2,0,1,0,,NA
193,Zhang et al 2013,Ponderosa Pine,thinning,"1969, 1979, 1989",65.2173913,180_stems_per_hectare,2012,mortality,m2/ha,0,3,NA,NA,43.30708661,3,NA,NA,insects,1987,2012,dendroctonus bark beetle,Field experiment,Elliot Ranch,39.09,-120.45,"**methods suggest 45 years of measurement, figure 6 says 60 years. typo? / **burned in 1936 and 1949 (before the treatments) *** n between 3 and 4",2,0,1,0,,NA
193,Zhang et al 2013,Ponderosa Pine,thinning,"1969, 1979, 1989",51.67464115,316_stems_per_hectare,2012,mortality,m2/ha,3.937007874,3,NA,NA,43.30708661,3,NA,NA,insects,1987,2012,dendroctonus bark beetle,Field experiment,Elliot Ranch,39.09,-120.45,"**methods suggest 45 years of measurement, figure 6 says 60 years. typo? / **burned in 1936 and 1949 (before the treatments) *** n between 3 and 4",2,0,1,0,,NA
193,Zhang et al 2013,Ponderosa Pine,thinning,"1969, 1979, 1989",37.55868545,452_stems_per_hectare,2012,mortality,m2/ha,14.56692913,3,NA,NA,43.30708661,3,NA,NA,insects,1987,2012,dendroctonus bark beetle,Field experiment,Elliot Ranch,39.09,-120.45,"**methods suggest 45 years of measurement, figure 6 says 60 years. typo? / **burned in 1936 and 1949 (before the treatments) *** n between 3 and 4",2,0,1,0,,NA
193,Zhang et al 2013,Ponderosa Pine,thinning,"1969, 1979, 1989",29.46428571,588_stems_per_hectare,2012,mortality,m2/ha,,,,,,,,,insects,1987,2012,dendroctonus bark beetle,Field experiment,Elliot Ranch,39.09,-120.45,"**methods suggest 45 years of measurement, figure 6 says 60 years. typo? / **burned in 1936 and 1949 (before the treatments) *** n between 3 and 4",2,0,1,0,,NA
201,Muzika et al. 2000,Mixed Oaks,Thinning,1989,32.3,,1990,mortality,m2/ha,0.15384615,10,0.72975638,0.23076923,0.30769231,10,0.60813032,0.19230769,insects,1990,1994,two-lined chestnut borer,Field experiment,West Virginia Univerity Forest,39.69,-79.77,"Lat and lon are location of research station hq, not individual stands",2,0,0,0,,1
201,Muzika et al. 2000,Mixed Oaks,Thinning,1989,32.3,,1991,mortality,m2/ha,1.11538462,10,1.3378867,0.42307692,4.11538462,10,2.06764309,0.65384615,insects,1990,1994,two-lined chestnut borer,Field experiment,West Virginia Univerity Forest,39.69,-79.77,"Lat and lon are location of research station hq, not individual stands",2,0,0,0,,1
201,Muzika et al. 2000,Mixed Oaks,Thinning,1989,32.3,,1992,mortality,m2/ha,2.15384615,10,1.45951277,0.46153846,7.07692308,10,3.16227766,1,insects,1990,1994,two-lined chestnut borer,Field experiment,West Virginia Univerity Forest,39.69,-79.77,"Lat and lon are location of research station hq, not individual stands",2,0,0,0,,1
201,Muzika et al. 2000,Mixed Oaks,Thinning,1989,32.3,,1993,mortality,m2/ha,1.26923077,10,0.85138245,0.26923077,1.42307692,10,1.45951277,0.46153846,insects,1990,1994,two-lined chestnut borer,Field experiment,West Virginia Univerity Forest,39.69,-79.77,"Lat and lon are location of research station hq, not individual stands",2,0,0,0,,1
201,Muzika et al. 2000,Mixed Oaks,Thinning,1989,32.3,,1994,mortality,m2/ha,0.15384615,10,0.85138245,0.26923077,0.34615385,10,0.60813032,0.19230769,insects,1990,1994,two-lined chestnut borer,Field experiment,West Virginia Univerity Forest,39.69,-79.77,"Lat and lon are location of research station hq, not individual stands",2,0,0,0,,1
201,Muzika et al. 2000,Mixed Oaks,Thinning,1989,32.6,,1990,mortality,m2/ha,0.18604651,19,1.4191764,0.3255814,0.41860465,13,1.00620036,0.27906977,insects,1990,1994,two-lined chestnut borer,Field experiment,West Virginia Univerity Forest,39.69,-79.77,"Lat and lon are location of research station hq, not individual stands",2,0,0,0,,2
201,Muzika et al. 2000,Mixed Oaks,Thinning,1989,32.6,,1991,mortality,m2/ha,4.88372093,19,2.63561331,0.60465116,10,13,4.02480142,1.11627907,insects,1990,1994,two-lined chestnut borer,Field experiment,West Virginia Univerity Forest,39.69,-79.77,"Lat and lon are location of research station hq, not individual stands",2,0,0,0,,2
201,Muzika et al. 2000,Mixed Oaks,Thinning,1989,32.6,,1992,mortality,m2/ha,2.41860465,19,2.43287383,0.55813953,2.65116279,13,1.84470065,0.51162791,insects,1990,1994,two-lined chestnut borer,Field experiment,West Virginia Univerity Forest,39.69,-79.77,"Lat and lon are location of research station hq, not individual stands",2,0,0,0,,2
201,Muzika et al. 2000,Mixed Oaks,Thinning,1989,32.6,,1993,mortality,m2/ha,0.60465116,19,1.01369743,0.23255814,0.8372093,13,0.67080024,0.18604651,insects,1990,1994,two-lined chestnut borer,Field experiment,West Virginia Univerity Forest,39.69,-79.77,"Lat and lon are location of research station hq, not individual stands",2,0,0,0,,2
201,Muzika et al. 2000,Mixed Oaks,Thinning,1989,32.6,,1994,mortality,m2/ha,0,19,1.01369743,0.23255814,0.09302326,13,0.8385003,0.23255814,insects,1990,1994,two-lined chestnut borer,Field experiment,West Virginia Univerity Forest,39.69,-79.77,"Lat and lon are location of research station hq, not individual stands",2,0,0,0,,2
201,Muzika et al. 2000,Mixed Oaks,Thinning,1989,18,,1990,mortality,m2/ha,0.2,11,0.66332496,0.2,0.24,11,0.92865494,0.28,insects,1990,1994,two-lined chestnut borer,Field experiment,West Virginia Univerity Forest,39.69,-79.77,"Lat and lon are location of research station hq, not individual stands",2,0,0,0,,3
201,Muzika et al. 2000,Mixed Oaks,Thinning,1989,18,,1991,mortality,m2/ha,3.2,11,2.78596482,0.84,5.32,11,3.84728476,1.16,insects,1990,1994,two-lined chestnut borer,Field experiment,West Virginia Univerity Forest,39.69,-79.77,"Lat and lon are location of research station hq, not individual stands",2,0,0,0,,3
201,Muzika et al. 2000,Mixed Oaks,Thinning,1989,18,,1992,mortality,m2/ha,1.12,11,1.19398492,0.36,1.84,11,1.85730988,0.56,insects,1990,1994,two-lined chestnut borer,Field experiment,West Virginia Univerity Forest,39.69,-79.77,"Lat and lon are location of research station hq, not individual stands",2,0,0,0,,3
201,Muzika et al. 2000,Mixed Oaks,Thinning,1989,18,,1993,mortality,m2/ha,0.28,11,1.06131993,0.32,0.68,11,1.06131993,0.32,insects,1990,1994,two-lined chestnut borer,Field experiment,West Virginia Univerity Forest,39.69,-79.77,"Lat and lon are location of research station hq, not individual stands",2,0,0,0,,3
201,Muzika et al. 2000,Mixed Oaks,Thinning,1989,18,,1994,mortality,m2/ha,0,11,0.92865494,0.28,0.16,11,0.92865494,0.28,insects,1990,1994,two-lined chestnut borer,Field experiment,West Virginia Univerity Forest,39.69,-79.77,"Lat and lon are location of research station hq, not individual stands",2,0,0,0,,3
149,Sullivan et al 2003,Pinus palustris,Low intensity burn,1997,,,2000,Cumulative mortality,%,9.25514607,4,4.855564,2.4277822,5.76190519,4,3.667988,1.8339938,insects,1998,2000,,Field experiment,"Savannah River Site, National Environmental Research Park, Barnwell County, South Carolina, USA",33.36,-81.6,It is not fully clear whether trees did actually die from insects (most dying trees had bark beetles on them). Also not clear if there was a distinct barkbeetle outbreak,2,0,0,1,,NA
149,Sullivan et al 2004,Pinus palustris,Mid intensity burn,1997,,,2000,Cumulative mortality,%,12.8727616,4,5.917107,2.9585535,5.76190519,4,3.667988,1.8339938,insects,1998,2000,,Field experiment,"Savannah River Site, National Environmental Research Park, Barnwell County, South Carolina, USA",33.36,-81.6,,2,0,0,1,,NA
149,Sullivan et al 2005,Pinus palustris,High intensity burn,1997,,,2000,Cumulative mortality,%,22.9197066,4,12.698351,6.3491754,5.76190519,4,3.667988,1.8339938,insects,1998,2000,,Field experiment,"Savannah River Site, National Environmental Research Park, Barnwell County, South Carolina, USA",33.36,-81.6,,2,0,0,1,,NA
190,Fettig et al 2011,Pinus jeffreyi; Pinus ponderosa; Abies concolor,high density thinning,1999-2002,3.4,%BA removed is calculated as (control - treatment)/control,2002,mortality,number/percentage of bark beetle-killed trees/ha/yr,0.3839777,3,0.360823,0.20832125,0.93487923,3,0.1933220368,0.11161453,insects,1999,2009,Scolytus ventralis; Dendroctonus ponderosae; Dendroctonus jeffreyi; Ips pini; Orthotomicus; Dendroctonus brevicomis,Field experiment,Tahoe National Forest,39.47,-120.05,"Lat and lon are location of research station hq, not individual stands",2,0,0,0,,1
190,Fettig et al 2011,Pinus jeffreyi; Pinus ponderosa; Abies concolor,medium density thinning,1999-2002,25.1,%BA removed is calculated as (control - treatment)/control,2002,mortality,number/percentage of bark beetle-killed trees/ha/yr,0.95418247,3,1.131012671,0.65299047,0.93487923,3,0.1933220368,0.11161453,insects,1999,2009,Scolytus ventralis; Dendroctonus ponderosae; Dendroctonus jeffreyi; Ips pini; Orthotomicus; Dendroctonus brevicomis,Field experiment,Tahoe National Forest,39.47,-120.05,"Lat and lon are location of research station hq, not individual stands",2,0,0,0,,2
190,Fettig et al 2011,Pinus jeffreyi; Pinus ponderosa; Abies concolor,low density thinning,1999-2002,40.2,%BA removed is calculated as (control - treatment)/control,2002,mortality,number/percentage of bark beetle-killed trees/ha/yr,1.21644833,3,0.8480997864,0.48965064,0.93487923,3,0.1933220368,0.11161453,insects,1999,2009,Scolytus ventralis; Dendroctonus ponderosae; Dendroctonus jeffreyi; Ips pini; Orthotomicus; Dendroctonus brevicomis,Field experiment,Tahoe National Forest,39.47,-120.05,"Lat and lon are location of research station hq, not individual stands",2,0,0,0,,3
190,Fettig et al 2011,Pinus jeffreyi; Pinus ponderosa; Abies concolor,high density thinning,1999-2003,3.4,%BA removed is calculated as (control - treatment)/control,2003,mortality,number/percentage of bark beetle-killed trees/ha/yr,0.41899094,3,0.7310375218,0.42206471,0.72389606,3,1.070256139,0.61791267,insects,1999,2009,Scolytus ventralis; Dendroctonus ponderosae; Dendroctonus jeffreyi; Ips pini; Orthotomicus; Dendroctonus brevicomis,Field experiment,Tahoe National Forest,39.47,-120.05,"Lat and lon are location of research station hq, not individual stands",2,0,0,0,,1
190,Fettig et al 2011,Pinus jeffreyi; Pinus ponderosa; Abies concolor,medium density thinning,1999-2003,25.1,%BA removed is calculated as (control - treatment)/control,2003,mortality,number/percentage of bark beetle-killed trees/ha/yr,0.63138805,3,0.5756851044,0.33237195,0.72389606,3,1.070256139,0.61791267,insects,1999,2009,Scolytus ventralis; Dendroctonus ponderosae; Dendroctonus jeffreyi; Ips pini; Orthotomicus; Dendroctonus brevicomis,Field experiment,Tahoe National Forest,39.47,-120.05,"Lat and lon are location of research station hq, not individual stands",2,0,0,0,,2
190,Fettig et al 2011,Pinus jeffreyi; Pinus ponderosa; Abies concolor,low density thinning,1999-2003,40.2,%BA removed is calculated as (control - treatment)/control,2003,mortality,number/percentage of bark beetle-killed trees/ha/yr,1.08226008,3,0.5343720727,0.30851986,0.72389606,3,1.070256139,0.61791267,insects,1999,2009,Scolytus ventralis; Dendroctonus ponderosae; Dendroctonus jeffreyi; Ips pini; Orthotomicus; Dendroctonus brevicomis,Field experiment,Tahoe National Forest,39.47,-120.05,"Lat and lon are location of research station hq, not individual stands",2,0,0,0,,3
190,Fettig et al 2011,Pinus jeffreyi; Pinus ponderosa; Abies concolor,high density thinning,1999-2004,3.4,%BA removed is calculated as (control - treatment)/control,2004,mortality,number/percentage of bark beetle-killed trees/ha/yr,0.64456835,3,1.11972597,0.64647409,0.64247819,3,0.6018154291,0.3474583,insects,1999,2009,Scolytus ventralis; Dendroctonus ponderosae; Dendroctonus jeffreyi; Ips pini; Orthotomicus; Dendroctonus brevicomis,Field experiment,Tahoe National Forest,39.47,-120.05,"Lat and lon are location of research station hq, not individual stands",2,0,0,0,,1
190,Fettig et al 2011,Pinus jeffreyi; Pinus ponderosa; Abies concolor,medium density thinning,1999-2004,25.1,%BA removed is calculated as (control - treatment)/control,2004,mortality,number/percentage of bark beetle-killed trees/ha/yr,0.94476446,3,0.2369781349,0.13681939,0.64247819,3,0.6018154291,0.3474583,insects,1999,2009,Scolytus ventralis; Dendroctonus ponderosae; Dendroctonus jeffreyi; Ips pini; Orthotomicus; Dendroctonus brevicomis,Field experiment,Tahoe National Forest,39.47,-120.05,"Lat and lon are location of research station hq, not individual stands",2,0,0,0,,2
190,Fettig et al 2011,Pinus jeffreyi; Pinus ponderosa; Abies concolor,low density thinning,1999-2004,40.2,%BA removed is calculated as (control - treatment)/control,2004,mortality,number/percentage of bark beetle-killed trees/ha/yr,0.22945035,3,0.2019254796,0.11658173,0.64247819,3,0.6018154291,0.3474583,insects,1999,2009,Scolytus ventralis; Dendroctonus ponderosae; Dendroctonus jeffreyi; Ips pini; Orthotomicus; Dendroctonus brevicomis,Field experiment,Tahoe National Forest,39.47,-120.05,"Lat and lon are location of research station hq, not individual stands",2,0,0,0,,3
190,Fettig et al 2011,Pinus jeffreyi; Pinus ponderosa; Abies concolor,high density thinning,1999-2005,3.4,%BA removed is calculated as (control - treatment)/control,2005,mortality,number/percentage of bark beetle-killed trees/ha/yr,0.21452415,3,0.3600883573,0.20789711,0.08125803,3,0.1413606165,0.08161459,insects,1999,2009,Scolytus ventralis; Dendroctonus ponderosae; Dendroctonus jeffreyi; Ips pini; Orthotomicus; Dendroctonus brevicomis,Field experiment,Tahoe National Forest,39.47,-120.05,"Lat and lon are location of research station hq, not individual stands",2,0,0,0,,1
190,Fettig et al 2011,Pinus jeffreyi; Pinus ponderosa; Abies concolor,medium density thinning,1999-2005,25.1,%BA removed is calculated as (control - treatment)/control,2005,mortality,number/percentage of bark beetle-killed trees/ha/yr,0,3,0,0,0.08125803,3,0.1413606165,0.08161459,insects,1999,2009,Scolytus ventralis; Dendroctonus ponderosae; Dendroctonus jeffreyi; Ips pini; Orthotomicus; Dendroctonus brevicomis,Field experiment,Tahoe National Forest,39.47,-120.05,"Lat and lon are location of research station hq, not individual stands",2,0,0,0,,2
190,Fettig et al 2011,Pinus jeffreyi; Pinus ponderosa; Abies concolor,low density thinning,1999-2005,40.2,%BA removed is calculated as (control - treatment)/control,2005,mortality,number/percentage of bark beetle-killed trees/ha/yr,0,3,0,0,0.08125803,3,0.1413606165,0.08161459,insects,1999,2009,Scolytus ventralis; Dendroctonus ponderosae; Dendroctonus jeffreyi; Ips pini; Orthotomicus; Dendroctonus brevicomis,Field experiment,Tahoe National Forest,39.47,-120.05,"Lat and lon are location of research station hq, not individual stands",2,0,0,0,,3
190,Fettig et al 2011,Pinus jeffreyi; Pinus ponderosa; Abies concolor,high density thinning,1999-2006,3.4,%BA removed is calculated as (control - treatment)/control,2006,mortality,number/percentage of bark beetle-killed trees/ha/yr,0,3,0,0,0.08103672,3,0.1406152631,0.08118426,insects,1999,2009,Scolytus ventralis; Dendroctonus ponderosae; Dendroctonus jeffreyi; Ips pini; Orthotomicus; Dendroctonus brevicomis,Field experiment,Tahoe National Forest,39.47,-120.05,"Lat and lon are location of research station hq, not individual stands",2,0,0,0,,1
190,Fettig et al 2011,Pinus jeffreyi; Pinus ponderosa; Abies concolor,medium density thinning,1999-2006,25.1,%BA removed is calculated as (control - treatment)/control,2006,mortality,number/percentage of bark beetle-killed trees/ha/yr,0,3,0,0,0.08103672,3,0.1406152631,0.08118426,insects,1999,2009,Scolytus ventralis; Dendroctonus ponderosae; Dendroctonus jeffreyi; Ips pini; Orthotomicus; Dendroctonus brevicomis,Field experiment,Tahoe National Forest,39.47,-120.05,"Lat and lon are location of research station hq, not individual stands",2,0,0,0,,2
190,Fettig et al 2011,Pinus jeffreyi; Pinus ponderosa; Abies concolor,low density thinning,1999-2006,40.2,%BA removed is calculated as (control - treatment)/control,2006,mortality,number/percentage of bark beetle-killed trees/ha/yr,0,3,0,0,0.08103672,3,0.1406152631,0.08118426,insects,1999,2009,Scolytus ventralis; Dendroctonus ponderosae; Dendroctonus jeffreyi; Ips pini; Orthotomicus; Dendroctonus brevicomis,Field experiment,Tahoe National Forest,39.47,-120.05,"Lat and lon are location of research station hq, not individual stands",2,0,0,0,,3
190,Fettig et al 2011,Pinus jeffreyi; Pinus ponderosa; Abies concolor,high density thinning,1999-2007,3.4,%BA removed is calculated as (control - treatment)/control,2007,mortality,number/percentage of bark beetle-killed trees/ha/yr,0,3,0,0,0.22343807,3,0.2427066678,0.14012676,insects,1999,2009,Scolytus ventralis; Dendroctonus ponderosae; Dendroctonus jeffreyi; Ips pini; Orthotomicus; Dendroctonus brevicomis,Field experiment,Tahoe National Forest,39.47,-120.05,"Lat and lon are location of research station hq, not individual stands",2,0,0,0,,1
190,Fettig et al 2011,Pinus jeffreyi; Pinus ponderosa; Abies concolor,medium density thinning,1999-2007,25.1,%BA removed is calculated as (control - treatment)/control,2007,mortality,number/percentage of bark beetle-killed trees/ha/yr,0,3,0,0,0.22343807,3,0.2427066678,0.14012676,insects,1999,2009,Scolytus ventralis; Dendroctonus ponderosae; Dendroctonus jeffreyi; Ips pini; Orthotomicus; Dendroctonus brevicomis,Field experiment,Tahoe National Forest,39.47,-120.05,"Lat and lon are location of research station hq, not individual stands",2,0,0,0,,2
190,Fettig et al 2011,Pinus jeffreyi; Pinus ponderosa; Abies concolor,low density thinning,1999-2007,40.2,%BA removed is calculated as (control - treatment)/control,2007,mortality,number/percentage of bark beetle-killed trees/ha/yr,0,3,0,0,0.22343807,3,0.2427066678,0.14012676,insects,1999,2009,Scolytus ventralis; Dendroctonus ponderosae; Dendroctonus jeffreyi; Ips pini; Orthotomicus; Dendroctonus brevicomis,Field experiment,Tahoe National Forest,39.47,-120.05,"Lat and lon are location of research station hq, not individual stands",2,0,0,0,,3
190,Fettig et al 2011,Pinus jeffreyi; Pinus ponderosa; Abies concolor,high density thinning,1999-2008,3.4,%BA removed is calculated as (control - treatment)/control,2008,mortality,number/percentage of bark beetle-killed trees/ha/yr,0.42141307,3,0.3761665865,0.21717988,0.16433573,3,0.2757362532,0.1591964,insects,1999,2009,Scolytus ventralis; Dendroctonus ponderosae; Dendroctonus jeffreyi; Ips pini; Orthotomicus; Dendroctonus brevicomis,Field experiment,Tahoe National Forest,39.47,-120.05,"Lat and lon are location of research station hq, not individual stands",2,0,0,0,,1
190,Fettig et al 2011,Pinus jeffreyi; Pinus ponderosa; Abies concolor,medium density thinning,1999-2008,25.1,%BA removed is calculated as (control - treatment)/control,2008,mortality,number/percentage of bark beetle-killed trees/ha/yr,0.44843761,3,0.7783138832,0.44935973,0.16433573,3,0.2757362532,0.1591964,insects,1999,2009,Scolytus ventralis; Dendroctonus ponderosae; Dendroctonus jeffreyi; Ips pini; Orthotomicus; Dendroctonus brevicomis,Field experiment,Tahoe National Forest,39.47,-120.05,"Lat and lon are location of research station hq, not individual stands",2,0,0,0,,2
190,Fettig et al 2011,Pinus jeffreyi; Pinus ponderosa; Abies concolor,low density thinning,1999-2008,40.2,%BA removed is calculated as (control - treatment)/control,2008,mortality,number/percentage of bark beetle-killed trees/ha/yr,0.3399952,3,0.59084817,0.34112635,0.16433573,3,0.2757362532,0.1591964,insects,1999,2009,Scolytus ventralis; Dendroctonus ponderosae; Dendroctonus jeffreyi; Ips pini; Orthotomicus; Dendroctonus brevicomis,Field experiment,Tahoe National Forest,39.47,-120.05,"Lat and lon are location of research station hq, not individual stands",2,0,0,0,,3
190,Fettig et al 2011,Pinus jeffreyi; Pinus ponderosa; Abies concolor,high density thinning,1999-2009,3.4,%BA removed is calculated as (control - treatment)/control,2009,mortality,number/percentage of bark beetle-killed trees/ha/yr,0.2166389,3,0.3577458452,0.20654466,0.16412671,3,0.2730529947,0.15764722,insects,1999,2009,Scolytus ventralis; Dendroctonus ponderosae; Dendroctonus jeffreyi; Ips pini; Orthotomicus; Dendroctonus brevicomis,Field experiment,Tahoe National Forest,39.47,-120.05,"Lat and lon are location of research station hq, not individual stands",2,0,0,0,,1
190,Fettig et al 2011,Pinus jeffreyi; Pinus ponderosa; Abies concolor,medium density thinning,1999-2009,25.1,%BA removed is calculated as (control - treatment)/control,2009,mortality,number/percentage of bark beetle-killed trees/ha/yr,0.09304899,3,0.1645941728,0.09502849,0.16412671,3,0.2730529947,0.15764722,insects,1999,2009,Scolytus ventralis; Dendroctonus ponderosae; Dendroctonus jeffreyi; Ips pini; Orthotomicus; Dendroctonus brevicomis,Field experiment,Tahoe National Forest,39.47,-120.05,"Lat and lon are location of research station hq, not individual stands",2,0,0,0,,2
190,Fettig et al 2011,Pinus jeffreyi; Pinus ponderosa; Abies concolor,low density thinning,1999-2009,40.2,%BA removed is calculated as (control - treatment)/control,2009,mortality,number/percentage of bark beetle-killed trees/ha/yr,0.11446698,3,0.1853148525,0.10699158,0.16412671,3,0.2730529947,0.15764722,insects,1999,2009,Scolytus ventralis; Dendroctonus ponderosae; Dendroctonus jeffreyi; Ips pini; Orthotomicus; Dendroctonus brevicomis,Field experiment,Tahoe National Forest,39.47,-120.05,"Lat and lon are location of research station hq, not individual stands",2,0,0,0,,3
306,Fettig et al 2021,ponderosa pine; Douglas fir; grand fir; white fir; sugar pine; western white pine; ,Fifty (50) UMZ (low density stand),"thinning: 2011, 2012, 2013; prescribed fire 2 years after thinning",< 50,thinning and prescribed fire happened in different years for different blocks,"2014, 2015, 2016 (1 year after prescribed fire)",percentage of trees killed,% of trees,0.21330694,3,0.3642623226,0.21030695,0.04874598,4,0,0,insects,unclear (maybe after prescribed fire),unclear,bark beetles,Field experiment,Lookout Mountain Unit of Pringle Falls Experimental Forest,43.7,-121.617,"mortality by bark beetle is classified into specific species (western pine beetle, pine engraver)",2,0,0,0,,1
306,Fettig et al 2021,ponderosa pine; Douglas fir; grand fir; white fir; sugar pine; western white pine; ,Seventy-five (75) UMZ (medium density stand),"thinning: 2011, 2012, 2013; prescribed fire 2 years after thinning",< 75,thinning and prescribed fire happened in different years for different blocks,"2014, 2015, 2016 (1 year after prescribed fire)",percentage of trees killed,% of trees,0.5287663,4,0.2989106,0.1494553,0.04874598,4,0,0,insects,unclear (maybe after prescribed fire),unclear,bark beetles,Field experiment,Lookout Mountain Unit of Pringle Falls Experimental Forest,43.7,-121.617,"mortality by bark beetle is classified into specific species (western pine beetle, pine engraver)",2,0,0,0,,2
306,Fettig et al 2021,ponderosa pine; Douglas fir; grand fir; white fir; sugar pine; western white pine; ,Seventy-five (75) UMZ Gap,"thinning: 2011, 2012, 2013; prescribed fire 2 years after thinning",< 75,thinning and prescribed fire happened in different years for different blocks; regeneration cut,"2014, 2015, 2016 (1 year after prescribed fire)",percentage of trees killed,% of trees,1.13984082,4,1.03597058,0.51798529,0.04874598,4,0,0,insects,unclear (maybe after prescribed fire),unclear,bark beetles,Field experiment,Lookout Mountain Unit of Pringle Falls Experimental Forest,43.7,-121.617,"mortality by bark beetle is classified into specific species (western pine beetle, pine engraver)",2,0,0,0,,3
306,Fettig et al 2021,ponderosa pine; Douglas fir; grand fir; white fir; sugar pine; western white pine; ,One hundred (100) UMZ (high density stand),"thinning: 2011, 2012, 2013; prescribed fire 2 years after thinning",< 100,thinning and prescribed fire happened in different years for different blocks,"2014, 2015, 2016 (1 year after prescribed fire)",percentage of trees killed,% of trees,1.17024215,4,0.47822536,0.23911268,0.04874598,4,0,0,insects,unclear (maybe after prescribed fire),unclear,bark beetles,Field experiment,Lookout Mountain Unit of Pringle Falls Experimental Forest,43.7,-121.617,"mortality by bark beetle is classified into specific species (western pine beetle, pine engraver)",2,0,0,0,,4
306,Fettig et al 2021,ponderosa pine,Fifty (50) UMZ (low density stand),"thinning: 2011, 2012, 2013; prescribed fire 2 years after thinning",< 50,thinning and prescribed fire happened in different years for different blocks,"2014, 2015, 2016 (1 year after prescribed fire)",percentage of trees killed,% of trees,0.20019366,4,0.16018286,0.08009143,0,4,0,0,insects,unclear (maybe after prescribed fire),unclear,western pine beetle,Field experiment,Lookout Mountain Unit of Pringle Falls Experimental Forest,43.7,-121.617,,2,0,0,0,,1
306,Fettig et al 2021,ponderosa pine,Seventy-five (75) UMZ (medium density stand),"thinning: 2011, 2012, 2013; prescribed fire 2 years after thinning",< 75,thinning and prescribed fire happened in different years for different blocks,"2014, 2015, 2016 (1 year after prescribed fire)",percentage of trees killed,% of trees,0.13038827,4,0.0798184,0.0399092,0,4,0,0,insects,unclear (maybe after prescribed fire),unclear,western pine beetle,Field experiment,Lookout Mountain Unit of Pringle Falls Experimental Forest,43.7,-121.617,,2,0,0,0,,2
306,Fettig et al 2021,ponderosa pine,Seventy-five (75) UMZ Gap,"thinning: 2011, 2012, 2013; prescribed fire 2 years after thinning",< 75,thinning and prescribed fire happened in different years for different blocks; regeneration cut,"2014, 2015, 2016 (1 year after prescribed fire)",percentage of trees killed,% of trees,0.11022255,4,0.09958412,0.04979206,0,4,0,0,insects,unclear (maybe after prescribed fire),unclear,western pine beetle,Field experiment,Lookout Mountain Unit of Pringle Falls Experimental Forest,43.7,-121.617,,2,0,0,0,,3
306,Fettig et al 2021,ponderosa pine,One hundred (100) UMZ (high density stand),"thinning: 2011, 2012, 2013; prescribed fire 2 years after thinning",< 100,thinning and prescribed fire happened in different years for different blocks,"2014, 2015, 2016 (1 year after prescribed fire)",percentage of trees killed,% of trees,0.32058161,4,0.1989206,0.0994603,0,4,0,0,insects,unclear (maybe after prescribed fire),unclear,western pine beetle,Field experiment,Lookout Mountain Unit of Pringle Falls Experimental Forest,43.7,-121.617,,2,0,0,0,,4
306,Fettig et al 2021,ponderosa pine; lodgepole pine; western white pine,Fifty (50) UMZ (low density stand),"thinning: 2011, 2012, 2013; prescribed fire 2 years after thinning",< 50,thinning and prescribed fire happened in different years for different blocks,"2014, 2015, 2016 (1 year after prescribed fire)",percentage of trees killed,% of trees,0.29343932,4,0.27269154,0.13634577,0.03908806,4,0.03955272,0.01977636,insects,unclear (maybe after prescribed fire),unclear,pine engraver,Field experiment,Lookout Mountain Unit of Pringle Falls Experimental Forest,43.7,-121.617,,2,0,0,0,,1
306,Fettig et al 2021,ponderosa pine; lodgepole pine; western white pine,Seventy-five (75) UMZ (medium density stand),"thinning: 2011, 2012, 2013; prescribed fire 2 years after thinning",< 75,thinning and prescribed fire happened in different years for different blocks,"2014, 2015, 2016 (1 year after prescribed fire)",percentage of trees killed,% of trees,0.20129878,4,0.07927238,0.03963619,0.03908806,4,0.03955272,0.01977636,insects,unclear (maybe after prescribed fire),unclear,pine engraver,Field experiment,Lookout Mountain Unit of Pringle Falls Experimental Forest,43.7,-121.617,,2,0,0,0,,2
306,Fettig et al 2021,ponderosa pine; lodgepole pine; western white pine,Seventy-five (75) UMZ Gap,"thinning: 2011, 2012, 2013; prescribed fire 2 years after thinning",< 75,thinning and prescribed fire happened in different years for different blocks; regeneration cut,"2014, 2015, 2016 (1 year after prescribed fire)",percentage of trees killed,% of trees,1.0215729,4,1.0617873,0.53089365,0.03908806,4,0.03955272,0.01977636,insects,unclear (maybe after prescribed fire),unclear,pine engraver,Field experiment,Lookout Mountain Unit of Pringle Falls Experimental Forest,43.7,-121.617,,2,0,0,0,,3
306,Fettig et al 2021,ponderosa pine; lodgepole pine; western white pine,One hundred (100) UMZ (high density stand),"thinning: 2011, 2012, 2013; prescribed fire 2 years after thinning",< 100,thinning and prescribed fire happened in different years for different blocks,"2014, 2015, 2016 (1 year after prescribed fire)",percentage of trees killed,% of trees,0.74320123,4,0.35488902,0.17744451,0.03908806,4,0.03955272,0.01977636,insects,unclear (maybe after prescribed fire),unclear,pine engraver,Field experiment,Lookout Mountain Unit of Pringle Falls Experimental Forest,43.7,-121.617,,2,0,0,0,,4
306,Fettig et al 2021,firs,Fifty (50) UMZ (low density stand),"thinning: 2011, 2012, 2013; prescribed fire 2 years after thinning",< 50,thinning and prescribed fire happened in different years for different blocks,"2014, 2015, 2016 (1 year after prescribed fire)",percentage of trees killed,% of trees,0,4,0,0,0.3,4,0.4,0.2,insects,unclear (maybe after prescribed fire),unclear,fir engraver,Field experiment,Lookout Mountain Unit of Pringle Falls Experimental Forest,43.7,-121.617,,2,0,0,0,,1
306,Fettig et al 2021,firs,Seventy-five (75) UMZ (medium density stand),"thinning: 2011, 2012, 2013; prescribed fire 2 years after thinning",< 75,thinning and prescribed fire happened in different years for different blocks,"2014, 2015, 2016 (1 year after prescribed fire)",percentage of trees killed,% of trees,0,4,0,0,0.3,4,0.4,0.2,insects,unclear (maybe after prescribed fire),unclear,fir engraver,Field experiment,Lookout Mountain Unit of Pringle Falls Experimental Forest,43.7,-121.617,,2,0,0,0,,2
306,Fettig et al 2021,firs,Seventy-five (75) UMZ Gap,"thinning: 2011, 2012, 2013; prescribed fire 2 years after thinning",< 75,thinning and prescribed fire happened in different years for different blocks; regeneration cut,"2014, 2015, 2016 (1 year after prescribed fire)",percentage of trees killed,% of trees,0,4,0,0,0.3,4,0.4,0.2,insects,unclear (maybe after prescribed fire),unclear,fir engraver,Field experiment,Lookout Mountain Unit of Pringle Falls Experimental Forest,43.7,-121.617,,2,0,0,0,,3
306,Fettig et al 2021,firs,One hundred (100) UMZ (high density stand),"thinning: 2011, 2012, 2013; prescribed fire 2 years after thinning",< 100,thinning and prescribed fire happened in different years for different blocks,"2014, 2015, 2016 (1 year after prescribed fire)",percentage of trees killed,% of trees,2.3,4,1.2,0.6,0.3,4,0.4,0.2,insects,unclear (maybe after prescribed fire),unclear,fir engraver,Field experiment,Lookout Mountain Unit of Pringle Falls Experimental Forest,43.7,-121.617,,2,0,0,0,,4
299,McNichol et al 2019,Loblolly pine (and a few shortleaf pines),burn-may,2017,NA,keeping flame hight below 1m whenever possible. 5 trees died with high scorch rating and no beetles,2017,mortality,% of trees,2.14054054,15,5.02441083,1.2972973,7.03783784,15,5.1500211,1.32972973,insects,before treatment,Nov 2017,"Ips species for the most part, but some trees died with low or now Ips infestation",Field experiment,Bishop F Grant Memorial Forest,33.42,-83.45,"Note: barkbeetles were present BEFORE fire treatment and died down at last census (ca 6 month after burn), mortality is not always definitely bark beetle caused!",2,1,0,0,,NA
299,McNichol et al 2019,Loblolly pine (and a few shortleaf pines),burn-july,2017,NA,keeping flame hight below 1m whenever possible. 5 trees died with high scorch rating and no beetles,2017,mortality,% of trees,2.4972973,15,5.02441083,1.2972973,9.43783784,15,5.02441083,1.2972973,insects,before treatment,Nov 2017,"Ips species for the most part, but some trees died with low or now Ips infestation",Field experiment,Bishop F Grant Memorial Forest,33.42,-83.45,"Note: barkbeetles were present BEFORE fire treatment and died down at last census (ca 6 month after burn), mortality is not always definitely bark beetle caused!",2,1,0,0,,NA
299,McNichol et al 2019,Loblolly pine (and a few shortleaf pines),burn-sept,2017,NA,keeping flame hight below 1m whenever possible. 5 trees died with high scorch rating and no beetles,2017,mortality,% of trees,2.4972973,15,5.02441083,1.2972973,10.2810811,15,5.1500211,1.32972973,insects,before treatment,Nov 2017,"Ips species for the most part, but some trees died with low or now Ips infestation",Field experiment,Bishop F Grant Memorial Forest,33.42,-83.45,"Note: barkbeetles were present BEFORE fire treatment and died down at last census (ca 6 month after burn), mortality is not always definitely bark beetle caused!",2,1,0,0,,NA
299,McNichol et al 2019,Loblolly pine (and a few shortleaf pines),burn-nov,2017,NA,keeping flame hight below 1m whenever possible. 5 trees died with high scorch rating and no beetles,2017,mortality,% of trees,5.48108108,15,5.27563137,1.36216216,10.9621622,15,5.02441083,1.2972973,insects,before treatment,Nov 2017,"Ips species for the most part, but some trees died with low or now Ips infestation",Field experiment,Bishop F Grant Memorial Forest,33.42,-83.45,"Note: barkbeetles were present BEFORE fire treatment and died down at last census (ca 6 month after burn), mortality is not always definitely bark beetle caused!",2,1,0,0,,NA
396,Muzika et al. 2004,"Liriodendron tulipifera L., Quercus alba L., Quercus rubra L., Tsuga canadensis (L.) Carr., Tilia americana L., Fraxinus americana L.",thinning,2000,28,"treatment year is not stated, using 2000 as fill-in so meas-year makes sense",2000,total basal area,m2/ha,31.1,8,NA,NA,30.1,8,NA,NA,insects,unclear (maybe after thinning),unclear,gypsy moth,Field experiment,West Virginia University Forest,39.7086,-79.9808,coordinates are estimated with site name,1,0,1,0,,NA
396,Muzika et al. 2004,"Liriodendron tulipifera L., Quercus alba L., Quercus rubra L., Tsuga canadensis (L.) Carr., Tilia americana L., Fraxinus americana L.",thinning,2000,28,"treatment year is not stated, using 2000 as fill-in so meas-year makes sense",2001,total basal area,m2/ha,22.3,8,NA,NA,30.4,8,NA,NA,insects,unclear (maybe after thinning),unclear,gypsy moth,Field experiment,West Virginia University Forest,39.7086,-79.9808,coordinates are estimated with site name,1,0,1,0,,NA
396,Muzika et al. 2004,"Liriodendron tulipifera L., Quercus alba L., Quercus rubra L., Tsuga canadensis (L.) Carr., Tilia americana L., Fraxinus americana L.",thinning,2000,28,"treatment year is not stated, using 2000 as fill-in so meas-year makes sense",2002,total basal area,m2/ha,21,8,NA,NA,27.1,8,NA,NA,insects,unclear (maybe after thinning),unclear,gypsy moth,Field experiment,West Virginia University Forest,39.7086,-79.9808,coordinates are estimated with site name,1,0,1,0,,NA
396,Muzika et al. 2004,"Liriodendron tulipifera L., Quercus alba L., Quercus rubra L., Tsuga canadensis (L.) Carr., Tilia americana L., Fraxinus americana L.",thinning,2000,28,"treatment year is not stated, using 2000 as fill-in so meas-year makes sense",2003,total basal area,m2/ha,20.7,8,NA,NA,25.6,8,NA,NA,insects,unclear (maybe after thinning),unclear,gypsy moth,Field experiment,West Virginia University Forest,39.7086,-79.9808,coordinates are estimated with site name,1,0,1,0,,NA
292,Six and Ksov 2009,Douglas-fir,Thin,2001,40,"34-45%, BA removed calculated from Table 1 BA before and 5 years after treatment",2004,mortality,% of trees,0,3,NA,NA,0,3,NA,NA,insects,2001,2005,douglas Fir Beetle,Field Experiment,University of Montana Lubrecht Experimental Forest,47,-113,,2,0,1,0,,1
292,Six and Ksov 2009,Douglas-fir,Thin + Burn,2001&2002,62,"58-65%, BA removed calculated from Table 1 BA before and 5 years after treatment",2004,mortality,% of trees,20,3,NA,NA,0,3,NA,NA,insects,2001,2005,douglas Fir Beetle,Field Experiment,University of Montana Lubrecht Experimental Forest,47,-113,,2,0,1,0,,2
292,Six and Ksov 2009,Douglas-fir,Burn,2002,8,"0-16%, BA removed calculated from Table 1 BA before and 5 years after treatment",2004,mortality,% of trees,6,3,NA,NA,0,3,NA,NA,insects,2001,2005,douglas Fir Beetle,Field Experiment,University of Montana Lubrecht Experimental Forest,47,-113,,2,0,1,0,,3
292,Six and Ksov 2009,Ponderosa pine,Thin,2001,40,"34-45%, BA removed calculated from Table 1 BA before and 5 years after treatment",2004,mortality,% of trees,0.12,3,NA,NA,1.16,3,NA,NA,insects,2001,2005,mountain pine beetle,Field Experiment,University of Montana Lubrecht Experimental Forest,47,-113,,2,0,1,0,,1
292,Six and Ksov 2009,Ponderosa pine,Thin + Burn,2001&2002,62,"58-65%, BA removed calculated from Table 1 BA before and 5 years after treatment",2004,mortality,% of trees,0.34,3,NA,NA,1.16,3,NA,NA,insects,2001,2005,mountain pine beetle,Field Experiment,University of Montana Lubrecht Experimental Forest,47,-113,,2,0,1,0,,2
292,Six and Ksov 2009,Ponderosa pine,Burn,2002,8,"0-16%, BA removed calculated from Table 1 BA before and 5 years after treatment",2004,mortality,% of trees,2.73,3,NA,NA,1.16,3,NA,NA,insects,2001,2005,mountain pine beetle,Field Experiment,University of Montana Lubrecht Experimental Forest,47,-113,,2,0,1,0,,3
292,Six and Ksov 2009,Ponderosa pine,Thin,2001,40,"34-45%, BA removed calculated from Table 1 BA before and 5 years after treatment",2004,mortality,% of trees,0,3,NA,NA,0,3,NA,NA,insects,2001,2005,western pine beetle,Field Experiment,University of Montana Lubrecht Experimental Forest,47,-113,,2,0,1,0,,1
292,Six and Ksov 2009,Ponderosa pine,Thin + Burn,2001&2002,62,"58-65%, BA removed calculated from Table 1 BA before and 5 years after treatment",2004,mortality,% of trees,0.67,3,NA,NA,0,3,NA,NA,insects,2001,2005,western pine beetle,Field Experiment,University of Montana Lubrecht Experimental Forest,47,-113,,2,0,1,0,,2
292,Six and Ksov 2009,Ponderosa pine,Burn,2002,8,"0-16%, BA removed calculated from Table 1 BA before and 5 years after treatment",2004,mortality,% of trees,0.87,3,NA,NA,0,3,NA,NA,insects,2001,2005,western pine beetle,Field Experiment,University of Montana Lubrecht Experimental Forest,47,-113,,2,0,1,0,,3
292,Six and Ksov 2009,Ponderosa pine,Thin,2001,40,"34-45%, BA removed calculated from Table 1 BA before and 5 years after treatment",2004,mortality,% of trees,0.02,3,NA,NA,1.5,3,NA,NA,insects,2001,2005,pine engraver,Field Experiment,University of Montana Lubrecht Experimental Forest,47,-113,,2,0,1,0,,1
292,Six and Ksov 2009,Ponderosa pine,Thin + Burn,2001&2002,62,"58-65%, BA removed calculated from Table 1 BA before and 5 years after treatment",2004,mortality,% of trees,1.04,3,NA,NA,1.5,3,NA,NA,insects,2001,2005,pine engraver,Field Experiment,University of Montana Lubrecht Experimental Forest,47,-113,,2,0,1,0,,2
292,Six and Ksov 2009,Ponderosa pine,Burn,2002,8,"0-16%, BA removed calculated from Table 1 BA before and 5 years after treatment",2004,mortality,% of trees,0.37,3,NA,NA,1.5,3,NA,NA,insects,2001,2005,pine engraver,Field Experiment,University of Montana Lubrecht Experimental Forest,47,-113,,2,0,1,0,,3
292,Six and Ksov 2009,Lodgepole pine,Thin,2001,40,"34-45%, BA removed calculated from Table 1 BA before and 5 years after treatment",2004,mortality,% of trees,0,3,NA,NA,0,3,NA,NA,insects,2001,2005,mountain pine beetle,Field Experiment,University of Montana Lubrecht Experimental Forest,47,-113,,2,0,1,0,,1
292,Six and Ksov 2009,Lodgepole pine,Thin + Burn,2001&2002,62,"58-65%, BA removed calculated from Table 1 BA before and 5 years after treatment",2004,mortality,% of trees,0,3,NA,NA,0,3,NA,NA,insects,2001,2005,mountain pine beetle,Field Experiment,University of Montana Lubrecht Experimental Forest,47,-113,,2,0,1,0,,2
292,Six and Ksov 2009,Lodgepole pine,Burn,2002,8,"0-16%, BA removed calculated from Table 1 BA before and 5 years after treatment",2004,mortality,% of trees,33.3,3,NA,NA,0,3,NA,NA,insects,2001,2005,mountain pine beetle,Field Experiment,University of Montana Lubrecht Experimental Forest,47,-113,,2,0,1,0,,3
292,Six and Ksov 2009,Lodgepole pine,Thin,2001,40,"34-45%, BA removed calculated from Table 1 BA before and 5 years after treatment",2004,mortality,% of trees,6.67,3,NA,NA,0,3,NA,NA,insects,2001,2005,pine engraver,Field Experiment,University of Montana Lubrecht Experimental Forest,47,-113,,2,0,1,0,,1
292,Six and Ksov 2009,Lodgepole pine,Thin + Burn,2001&2002,62,"58-65%, BA removed calculated from Table 1 BA before and 5 years after treatment",2004,mortality,% of trees,50,3,NA,NA,0,3,NA,NA,insects,2001,2005,pine engraver,Field Experiment,University of Montana Lubrecht Experimental Forest,47,-113,,2,0,1,0,,2
292,Six and Ksov 2009,Lodgepole pine,Burn,2002,8,"0-16%, BA removed calculated from Table 1 BA before and 5 years after treatment",2004,mortality,% of trees,33.3,3,NA,NA,0,3,NA,NA,insects,2001,2005,pine engraver,Field Experiment,University of Montana Lubrecht Experimental Forest,47,-113,,2,0,1,0,,3
187,Stark et al 2013,Abies concolor (small),Rx fire,2002,3.2,,2005,Basal area mortality rate,%,0.62,20,0.6708203932,0.15,0.19,20,0.491934955,0.11,insects,2002,2005,"western pine beetle, mountain pine beetle, fir engraver",Field experiment,"Blodgett Forest Research Station, Georgetown, CA",38.91,-120.66,,2,0,0,0,,1
187,Stark et al 2013,Abies concolor (medium),Rx fire,2002,3.2,,2005,Basal area mortality rate,%,0.19,20,0.491934955,0.11,0.07,20,0.1788854382,0.04,insects,2002,2005,"western pine beetle, mountain pine beetle, fir engraver",Field experiment,"Blodgett Forest Research Station, Georgetown, CA",38.91,-120.66,,2,0,0,0,,1
187,Stark et al 2013,Abies concolor (large),Rx fire,2002,3.2,,2005,Basal area mortality rate,%,0.05,20,0.1341640786,0.03,0.11,20,0.4472135955,0.1,insects,2002,2005,"western pine beetle, mountain pine beetle, fir engraver",Field experiment,"Blodgett Forest Research Station, Georgetown, CA",38.91,-120.66,,2,0,0,0,,1
187,Stark et al 2013,Abies concolor (small),thinning,2002,21.1,,2005,Basal area mortality rate,%,0.19,20,0.04472135955,0.01,0.19,20,0.491934955,0.11,insects,2002,2005,"western pine beetle, mountain pine beetle, fir engraver",Field experiment,"Blodgett Forest Research Station, Georgetown, CA",38.91,-120.66,,2,0,0,0,,2
187,Stark et al 2013,Abies concolor (medium),thinning,2002,21.1,,2005,Basal area mortality rate,%,0,20,0,0,0.07,20,0.1788854382,0.04,insects,2002,2005,"western pine beetle, mountain pine beetle, fir engraver",Field experiment,"Blodgett Forest Research Station, Georgetown, CA",38.91,-120.66,,2,0,0,0,,2
187,Stark et al 2013,Abies concolor (large),thinning,2002,21.1,,2005,Basal area mortality rate,%,0.03,20,0.1341640786,0.03,0.11,20,0.4472135955,0.1,insects,2002,2005,"western pine beetle, mountain pine beetle, fir engraver",Field experiment,"Blodgett Forest Research Station, Georgetown, CA",38.91,-120.66,,2,0,0,0,,2
187,Stark et al 2013,Abies concolor (small),thinning + Rx fire,2002,28.6,,2005,Basal area mortality rate,%,0.11,20,0.3577708764,0.08,0.19,20,0.491934955,0.11,insects,2002,2005,"western pine beetle, mountain pine beetle, fir engraver",Field experiment,"Blodgett Forest Research Station, Georgetown, CA",38.91,-120.66,,2,0,0,0,,3
187,Stark et al 2013,Abies concolor (medium),thinning + Rx fire,2002,28.6,,2005,Basal area mortality rate,%,0.16,20,0.7155417528,0.16,0.07,20,0.1788854382,0.04,insects,2002,2005,"western pine beetle, mountain pine beetle, fir engraver",Field experiment,"Blodgett Forest Research Station, Georgetown, CA",38.91,-120.66,,2,0,0,0,,3
187,Stark et al 2013,Abies concolor (large),thinning + Rx fire,2002,28.6,,2005,Basal area mortality rate,%,0.22,20,0.8049844719,0.18,0.11,20,0.4472135955,0.1,insects,2002,2005,"western pine beetle, mountain pine beetle, fir engraver",Field experiment,"Blodgett Forest Research Station, Georgetown, CA",38.91,-120.66,,2,0,0,0,,3
187,Stark et al 2014,Pinus lambertiana (small),Rx fire,2002,3.2,,2005,Basal area mortality rate,%,1.44,20,3.354101966,0.75,1.08,20,4.829906831,1.08,insects,2002,2005,"western pine beetle, mountain pine beetle, fir engraver",Field experiment,"Blodgett Forest Research Station, Georgetown, CA",38.91,-120.66,,2,0,0,0,,1
187,Stark et al 2015,Pinus lambertiana (medium),Rx fire,2002,3.2,,2005,Basal area mortality rate,%,5.94,20,15.38414769,3.44,0.12,20,0.5366563146,0.12,insects,2002,2005,"western pine beetle, mountain pine beetle, fir engraver",Field experiment,"Blodgett Forest Research Station, Georgetown, CA",38.91,-120.66,,2,0,0,0,,1
187,Stark et al 2016,Pinus lambertiana (large),Rx fire,2002,3.2,,2005,Basal area mortality rate,%,0,20,0,0,0,20,0,0,insects,2002,2005,"western pine beetle, mountain pine beetle, fir engraver",Field experiment,"Blodgett Forest Research Station, Georgetown, CA",38.91,-120.66,,2,0,0,0,,1
187,Stark et al 2017,Pinus lambertiana (small),thinning,2002,21.1,,2005,Basal area mortality rate,%,0,20,0,0,1.08,20,4.829906831,1.08,insects,2002,2005,"western pine beetle, mountain pine beetle, fir engraver",Field experiment,"Blodgett Forest Research Station, Georgetown, CA",38.91,-120.66,,2,0,0,0,,2
187,Stark et al 2018,Pinus lambertiana (medium),thinning,2002,21.1,,2005,Basal area mortality rate,%,0,20,0,0,0.12,20,0.5366563146,0.12,insects,2002,2005,"western pine beetle, mountain pine beetle, fir engraver",Field experiment,"Blodgett Forest Research Station, Georgetown, CA",38.91,-120.66,,2,0,0,0,,2
187,Stark et al 2019,Pinus lambertiana (large),thinning,2002,21.1,,2005,Basal area mortality rate,%,0,20,0,0,0,20,0,0,insects,2002,2005,"western pine beetle, mountain pine beetle, fir engraver",Field experiment,"Blodgett Forest Research Station, Georgetown, CA",38.91,-120.66,,2,0,0,0,,2
187,Stark et al 2020,Pinus lambertiana (small),thinning + Rx fire,2002,28.6,,2005,Basal area mortality rate,%,0.36,20,1.609968944,0.36,1.08,20,4.829906831,1.08,insects,2002,2005,"western pine beetle, mountain pine beetle, fir engraver",Field experiment,"Blodgett Forest Research Station, Georgetown, CA",38.91,-120.66,,2,0,0,0,,3
187,Stark et al 2021,Pinus lambertiana (medium),thinning + Rx fire,2002,28.6,,2005,Basal area mortality rate,%,0,20,0,0,0.12,20,0.5366563146,0.12,insects,2002,2005,"western pine beetle, mountain pine beetle, fir engraver",Field experiment,"Blodgett Forest Research Station, Georgetown, CA",38.91,-120.66,,2,0,0,0,,3
187,Stark et al 2022,Pinus lambertiana (large),thinning + Rx fire,2002,28.6,,2005,Basal area mortality rate,%,0.1,20,0.4472135955,0.1,0,20,0,0,insects,2002,2005,"western pine beetle, mountain pine beetle, fir engraver",Field experiment,"Blodgett Forest Research Station, Georgetown, CA",38.91,-120.66,,2,0,0,0,,3
187,Stark et al 2023,Pinus ponderosa (small),Rx fire,2002,3.2,,2005,Basal area mortality rate,%,0.2,20,0.894427191,0.2,0,20,0,0,insects,2002,2005,"western pine beetle, mountain pine beetle, fir engraver",Field experiment,"Blodgett Forest Research Station, Georgetown, CA",38.91,-120.66,,2,0,0,0,,1
187,Stark et al 2024,Pinus ponderosa (medium),Rx fire,2002,3.2,,2005,Basal area mortality rate,%,0.25,20,1.118033989,0.25,0,20,0,0,insects,2002,2005,"western pine beetle, mountain pine beetle, fir engraver",Field experiment,"Blodgett Forest Research Station, Georgetown, CA",38.91,-120.66,,2,0,0,0,,1
187,Stark et al 2025,Pinus ponderosa (large),Rx fire,2002,3.2,,2005,Basal area mortality rate,%,0.06,20,0.2683281573,0.06,0.03,20,0.1341640786,0.03,insects,2002,2005,"western pine beetle, mountain pine beetle, fir engraver",Field experiment,"Blodgett Forest Research Station, Georgetown, CA",38.91,-120.66,,2,0,0,0,,1
187,Stark et al 2026,Pinus ponderosa (small),thinning,2002,21.1,,2005,Basal area mortality rate,%,0,20,0,0,0,20,0,0,insects,2002,2005,"western pine beetle, mountain pine beetle, fir engraver",Field experiment,"Blodgett Forest Research Station, Georgetown, CA",38.91,-120.66,,2,0,0,0,,2
187,Stark et al 2027,Pinus ponderosa (medium),thinning,2002,21.1,,2005,Basal area mortality rate,%,0,20,0,0,0,20,0,0,insects,2002,2005,"western pine beetle, mountain pine beetle, fir engraver",Field experiment,"Blodgett Forest Research Station, Georgetown, CA",38.91,-120.66,,2,0,0,0,,2
187,Stark et al 2028,Pinus ponderosa (large),thinning,2002,21.1,,2005,Basal area mortality rate,%,0,20,0,0,0.03,20,0.1341640786,0.03,insects,2002,2005,"western pine beetle, mountain pine beetle, fir engraver",Field experiment,"Blodgett Forest Research Station, Georgetown, CA",38.91,-120.66,,2,0,0,0,,2
187,Stark et al 2029,Pinus ponderosa (small),thinning + Rx fire,2002,28.6,,2005,Basal area mortality rate,%,0,20,0,0,0,20,0,0,insects,2002,2005,"western pine beetle, mountain pine beetle, fir engraver",Field experiment,"Blodgett Forest Research Station, Georgetown, CA",38.91,-120.66,,2,0,0,0,,3
187,Stark et al 2030,Pinus ponderosa (medium),thinning + Rx fire,2002,28.6,,2005,Basal area mortality rate,%,0,20,0,0,0,20,0,0,insects,2002,2005,"western pine beetle, mountain pine beetle, fir engraver",Field experiment,"Blodgett Forest Research Station, Georgetown, CA",38.91,-120.66,,2,0,0,0,,3
187,Stark et al 2031,Pinus ponderosa (large),thinning + Rx fire,2002,28.6,,2005,Basal area mortality rate,%,0.04,20,0.1788854382,0.04,0.03,20,0.1341640786,0.03,insects,2002,2005,"western pine beetle, mountain pine beetle, fir engraver",Field experiment,"Blodgett Forest Research Station, Georgetown, CA",38.91,-120.66,,2,0,0,0,,3
211,Temperli et al 2014,Spruce,Thinning,1992-1998,NA,,2013,basal area,m2/ha,28.9,5,7.826237921,3.5,38.2,5,4.472135955,2,insects,2003,2013,spruce beetle,Field experiment,Dunton,37.8,-108.1,,2,0,0,0,,1
211,Temperli et al 2015,Spruce,Thinning,1992-1999,NA,,2013,basal area,m2/ha,18.6,5,11.85116028,5.3,51,5,25.04396135,11.2,insects,2003,2013,spruce beetle,Field experiment,Stoner Mesa,37.75,-108.15,,2,0,0,0,,1
211,Temperli et al 2016,Spruce,Thinning,1992-2000,NA,,2013,basal area,m2/ha,19.6,5,6.708203932,3,31.4,5,12.07476708,5.4,insects,2003,2013,spruce beetle,Field experiment,Hermosa,37.65,-107.9,,2,0,0,0,,1
211,Temperli et al 2017,Spruce,Thinning,1992-2001,NA,,2013,basal area,m2/ha,20.6,5,10.0623059,4.5,31,5,17.21772343,7.7,insects,2003,2013,spruce beetle,Field experiment,Tuckerville,37.5,-107.5,,2,0,0,0,,1