studyID,studyName,species,treatment,treatment.year,%BA-removed,treatment.notes,measurement.year,responseVariable,units,mean_treatment,n_treatment,sd_treatment,se_treatment,mean_control,n_control,sd_control,se_control,disturbance,disturbanceStart,disturbanceEnd,mortalityAgent,method,SiteName,latitude coordinate,longitude coordinate,comment,"Carbon-vs-Mortality (1=Carbon, 2=Mortality)",ImputedBAremoved? (1=yes),ImputedSD? (1=yes),MortalityAttributionUncertain (1=yes),PercentComposition,"GroupingFlags (same number = should be grouped later, recycle numbers between studies. If nothing should be grouped, write NA)",Nis2,NoTrueControl,thin_severity,Olson_Biome,cwd,map,vpd,mat
33,Egan et al. 2010,All species,Commercially thinned,early 1990s,37.2,Table 4; provides median (not mean) values; summed across all insect agents,,fraction mortality,fraction,0.165,10,,,0.314,20,,,insects,2001,2007,All bark beetle,field census,"Warner Mountains, Modoc National Forest, in northeastern California",41.45,-120.251,"Table 4; provides median (not mean) values; summed across all insect agents, coordinates very approximate according to site name",2,0,1,0,,NA,0,0,moderate,Temperate Conifer Forests,655.183333,468.073333,0.75161111,6.61038889
33,Egan et al. 2010,All species,Salvage-thinned,1990's,32.1223709,Table 4; provides median (not mean) values; summed across all insect agents,2006/2007,fraction mortality,fraction,0.257,27,,,0.314,20,,,insects,2001,2007,All bark beetle,field census,"Warner Mountains, Modoc National Forest, in northeastern California",41.45,-120.251,"Table 4; provides median (not mean) values; summed across all insect agents, coordinates very approximate according to site name",2,0,1,0,,NA,0,0,moderate,Temperate Conifer Forests,655.183333,468.073333,0.75161111,6.61038889
33,Egan et al. 2010,All species,Commercially thinned,early 1990s,37.2,Table 4; provides median (not mean) values; summed across all insect agents,,Basal area,m2/ha,37.2,10,4.7434,1.5,52.3,20,20.1246,4.5,insects,2001,2007,All bark beetle,field census,"Warner Mountains, Modoc National Forest, in northeastern California",41.45,-120.251,"Table 3, coordinates very approximate according to site name",1,0,0,0,,NA,0,0,moderate,Temperate Conifer Forests,655.183333,468.073333,0.75161111,6.61038889
33,Egan et al. 2010,All species,Salvage-thinned,1990's,32.1223709,Table 4; provides median (not mean) values; summed across all insect agents,2006/2007,Basal area,m2/ha,35.5,27,10.3923,2,52.3,20,20.1246,4.5,insects,2001,2007,All bark beetle,field census,"Warner Mountains, Modoc National Forest, in northeastern California",41.45,-120.251,"Table 3, coordinates very approximate according to site name",1,0,0,0,,NA,0,0,moderate,Temperate Conifer Forests,655.183333,468.073333,0.75161111,6.61038889
58,Hood et al. 2016,Pinus ponderosa,burn only,2001-2002,10,,2012,stand mortality,fraction,0.39,3,0.0692820323,0.04,0.5,3,0.08660254038,0.05,insects,2005,2012,bark beetle,Field experiment,Lubrecht Experimental Forest,46.88333333,-113.4333333,Figure 2,2,0,0,0,,NA,0,0,,Temperate Broadleaf and Mixed Forests,88.78,1076.16333,0.48794444,9.04948611
58,Hood et al. 2016,Pinus ponderosa,thin only,2001-2002,50,,2012,stand mortality,fraction,0.01,3,0.03464101615,0.02,0.5,3,0.08660254038,0.05,insects,2005,2012,bark beetle,Field experiment,Lubrecht Experimental Forest,46.88333333,-113.4333333,Figure 2,2,0,0,0,,NA,0,0,moderate,Temperate Broadleaf and Mixed Forests,88.78,1076.16333,0.48794444,9.04948611
58,Hood et al. 2016,Pinus ponderosa,thin-burn,2001-2002,65,,2012,stand mortality,fraction,0.14,3,0.08660254038,0.05,0.5,3,0.08660254038,0.05,insects,2005,2012,bark beetle,Field experiment,Lubrecht Experimental Forest,46.88333333,-113.4333333,Figure 2,2,0,0,0,,NA,0,0,,Temperate Conifer Forests,393.793333,550.61,0.59402778,5.24583333
58,Hood et al. 2016,Pinus ponderosa,burn only,2001-2002,10,,2012,Live basal area,m2/ha,9.1,3,2.078460969,1.2,6.6,3,2.078460969,1.2,insects,2005,2012,bark beetle,Field experiment,Lubrecht Experimental Forest,46.88333333,-113.4333333,Figure 2,1,0,0,0,,NA,0,0,,Temperate Conifer Forests,755.913333,279.143333,0.80688889,7.88266667
58,Hood et al. 2016,Pinus ponderosa,thin only,2001-2002,50,,2012,Live basal area,m2/ha,10.6,3,2.424871131,1.4,6.6,3,2.078460969,1.2,insects,2005,2012,bark beetle,Field experiment,Lubrecht Experimental Forest,46.88333333,-113.4333333,Figure 2,1,0,0,0,,NA,0,0,moderate,Temperate Conifer Forests,755.913333,279.143333,0.80688889,7.88266667
58,Hood et al. 2016,Pinus ponderosa,thin-burn,2001-2002,65,,2012,Live basal area,m2/ha,8.2,3,2.25166605,1.3,6.6,3,2.078460969,1.2,insects,2005,2012,bark beetle,Field experiment,Lubrecht Experimental Forest,46.88333333,-113.4333333,Figure 2,1,0,0,0,,NA,0,0,,Temperate Conifer Forests,554.876667,380.146667,0.68613889,6.07284722
59,Negr√≥n et al. 2022,Pinus ponderosa,Thinned,2014,71,,,Basal area killed by beetles,fraction,0.039,21,0.032,0.0069829,0.382,21,0.07,0.015275,insects,1990,2014,mountain pine beetle,Field experiment,"Black Hills National Forest, South Dakota and Wyoming",43.953,-103.681,"Table 2,  coordinates very approximate according to site name",2,0,0,0,,NA,0,0,high,Temperate Conifer Forests,554.876667,380.146667,0.68613889,6.07284722
60,Steel et al. 2021,Abies concolor,burned/no thin,2000,NA,BA% was not mentioned,"2011, 2017",stand mortality,fraction,0.3375,3,,,0.3775,3,,,drought&insect,2012,2016,beetle,Field experiment,Teakettle Experimental Forest,36.96666667,-116.0333333,Table S1,2,1,1,0,65.58,1,0,0,,Temperate Conifer Forests,554.876667,380.146667,0.68613889,6.07284722
60,Steel et al. 2021,Abies concolor,unburned/understory thin,2000,NA,,"2011, 2017",stand mortality,fraction,0.325,3,,,0.3775,3,,,drought&insect,2012,2016,beetle,Field experiment,Teakettle Experimental Forest,36.96666667,-116.0333333,Table S1,2,1,1,0,65.58,2,0,0,,Temperate Conifer Forests,554.876667,380.146667,0.68613889,6.07284722
60,Steel et al. 2021,Abies concolor,burned/understory thin,2000,NA,,"2011, 2017",stand mortality,fraction,0.39,3,,,0.3775,3,,,drought&insect,2012,2016,beetle,Field experiment,Teakettle Experimental Forest,36.96666667,-116.0333333,Table S1,2,1,1,0,65.58,3,0,0,,Temperate Conifer Forests,554.876667,380.146667,0.68613889,6.07284722
60,Steel et al. 2021,Abies concolor,unburned/overstory thin,2000,NA,,"2011, 2017",stand mortality,fraction,0.355,3,,,0.3775,3,,,drought&insect,2012,2016,beetle,Field experiment,Teakettle Experimental Forest,36.96666667,-116.0333333,Table S1,2,1,1,0,65.58,4,0,0,,Temperate Conifer Forests,554.876667,380.146667,0.68613889,6.07284722
60,Steel et al. 2021,Abies concolor,burned/overstory thin,2000,NA,,"2011, 2017",stand mortality,fraction,0.3625,3,,,0.3775,3,,,drought&insect,2012,2016,beetle,Field experiment,Teakettle Experimental Forest,36.96666667,-116.0333333,Table S1,2,1,1,0,65.58,5,0,0,,Temperate Conifer Forests,673.743333,332.34,0.70202778,6.09023611
60,Steel et al. 2021,Abies magnifica,burned/no thin,2000,NA,,"2011, 2017",stand mortality,fraction,1,3,,,0.3575,3,,,drought&insect,2012,2016,beetle,Field experiment,Teakettle Experimental Forest,36.96666667,-116.0333333,Table S1,2,1,1,0,4.89,1,0,0,,Temperate Conifer Forests,673.743333,332.34,0.70202778,6.09023611
60,Steel et al. 2021,Abies magnifica,unburned/understory thin,2000,NA,,"2011, 2017",stand mortality,fraction,0.2275,3,,,0.3575,3,,,drought&insect,2012,2016,beetle,Field experiment,Teakettle Experimental Forest,36.96666667,-116.0333333,Table S1,2,1,1,0,4.89,2,0,0,,Temperate Conifer Forests,673.743333,332.34,0.70202778,6.09023611
60,Steel et al. 2021,Abies magnifica,burned/understory thin,2000,NA,,"2011, 2017",stand mortality,fraction,0.405,3,,,0.3575,3,,,drought&insect,2012,2016,beetle,Field experiment,Teakettle Experimental Forest,36.96666667,-116.0333333,Table S1,2,1,1,0,4.89,3,0,0,,Temperate Conifer Forests,673.743333,332.34,0.70202778,6.09023611
60,Steel et al. 2021,Abies magnifica,unburned/overstory thin,2000,NA,,"2011, 2017",stand mortality,fraction,0.26,3,,,0.3575,3,,,drought&insect,2012,2016,beetle,Field experiment,Teakettle Experimental Forest,36.96666667,-116.0333333,Table S1,2,1,1,0,4.89,4,0,0,,Temperate Conifer Forests,766.493333,577.56,0.79775,7.37109722
60,Steel et al. 2021,Abies magnifica,burned/overstory thin,2000,NA,,"2011, 2017",stand mortality,fraction,0,3,,,0.3575,3,,,drought&insect,2012,2016,beetle,Field experiment,Teakettle Experimental Forest,36.96666667,-116.0333333,Table S1,2,1,1,0,4.89,5,0,0,,Temperate Conifer Forests,766.493333,577.56,0.79775,7.37109722
60,Steel et al. 2021,Calocedrus decurrens,burned/no thin,2000,NA,,"2011, 2017",stand mortality,fraction,0.02,3,,,0.025,3,,,drought&insect,2012,2016,beetle,Field experiment,Teakettle Experimental Forest,36.96666667,-116.0333333,Table S1,2,1,1,0,16.52,1,0,0,,Temperate Conifer Forests,638.856667,721.27,0.75505556,7.41418056
60,Steel et al. 2021,Calocedrus decurrens,unburned/understory thin,2000,NA,,"2011, 2017",stand mortality,fraction,0.01,3,,,0.025,3,,,drought&insect,2012,2016,beetle,Field experiment,Teakettle Experimental Forest,36.96666667,-116.0333333,Table S1,2,1,1,0,16.52,2,0,0,,Temperate Conifer Forests,638.856667,721.27,0.75505556,7.41418056
60,Steel et al. 2021,Calocedrus decurrens,burned/understory thin,2000,NA,,"2011, 2017",stand mortality,fraction,0.0325,3,,,0.025,3,,,drought&insect,2012,2016,beetle,Field experiment,Teakettle Experimental Forest,36.96666667,-116.0333333,Table S1,2,1,1,0,16.52,3,0,0,,Deserts and Xeric Shrublands,1615.28667,132.623333,1.46972222,14.1978889
60,Steel et al. 2021,Calocedrus decurrens,unburned/overstory thin,2000,NA,,"2011, 2017",stand mortality,fraction,0.0075,3,,,0.025,3,,,drought&insect,2012,2016,beetle,Field experiment,Teakettle Experimental Forest,36.96666667,-116.0333333,Table S1,2,1,1,0,16.52,4,0,0,,Deserts and Xeric Shrublands,1615.28667,132.623333,1.46972222,14.1978889
60,Steel et al. 2021,Calocedrus decurrens,burned/overstory thin,2000,NA,,"2011, 2017",stand mortality,fraction,0.025,3,,,0.025,3,,,drought&insect,2012,2016,beetle,Field experiment,Teakettle Experimental Forest,36.96666667,-116.0333333,Table S1,2,1,1,0,16.52,5,0,0,,Deserts and Xeric Shrublands,1615.28667,132.623333,1.46972222,14.1978889
60,Steel et al. 2021,Pinus jeffreyi,burned/no thin,2000,NA,,"2011, 2017",stand mortality,fraction,0.075,3,,,0.1775,3,,,drought&insect,2012,2016,beetle,Field experiment,Teakettle Experimental Forest,36.96666667,-116.0333333,Table S1,2,1,1,0,4.44,1,0,0,,Deserts and Xeric Shrublands,1615.28667,132.623333,1.46972222,14.1978889
60,Steel et al. 2021,Pinus jeffreyi,unburned/understory thin,2000,NA,,"2011, 2017",stand mortality,fraction,0.06,3,,,0.1775,3,,,drought&insect,2012,2016,beetle,Field experiment,Teakettle Experimental Forest,36.96666667,-116.0333333,Table S1,2,1,1,0,4.44,2,0,0,,Deserts and Xeric Shrublands,1615.28667,132.623333,1.46972222,14.1978889
60,Steel et al. 2021,Pinus jeffreyi,burned/understory thin,2000,NA,,"2011, 2017",stand mortality,fraction,0.0125,3,,,0.1775,3,,,drought&insect,2012,2016,beetle,Field experiment,Teakettle Experimental Forest,36.96666667,-116.0333333,Table S1,2,1,1,0,4.44,3,0,0,,Deserts and Xeric Shrublands,1615.28667,132.623333,1.46972222,14.1978889
60,Steel et al. 2021,Pinus jeffreyi,unburned/overstory thin,2000,NA,,"2011, 2017",stand mortality,fraction,0.02,3,,,0.1775,3,,,drought&insect,2012,2016,beetle,Field experiment,Teakettle Experimental Forest,36.96666667,-116.0333333,Table S1,2,1,1,0,4.44,4,0,0,,Deserts and Xeric Shrublands,1615.28667,132.623333,1.46972222,14.1978889
60,Steel et al. 2021,Pinus jeffreyi,burned/overstory thin,2000,NA,,"2011, 2017",stand mortality,fraction,0.0175,3,,,0.1775,3,,,drought&insect,2012,2016,beetle,Field experiment,Teakettle Experimental Forest,36.96666667,-116.0333333,Table S1,2,1,1,0,4.44,5,0,0,,Deserts and Xeric Shrublands,1615.28667,132.623333,1.46972222,14.1978889
60,Steel et al. 2021,Pinus lambertiana,burned/no thin,2000,NA,,"2011, 2017",stand mortality,fraction,0.335,3,,,0.285,3,,,drought&insect,2012,2016,beetle,Field experiment,Teakettle Experimental Forest,36.96666667,-116.0333333,Table S1,2,1,1,0,8.57,1,0,0,,Deserts and Xeric Shrublands,1615.28667,132.623333,1.46972222,14.1978889
60,Steel et al. 2021,Pinus lambertiana,unburned/understory thin,2000,NA,,"2011, 2017",stand mortality,fraction,0.3725,3,,,0.285,3,,,drought&insect,2012,2016,beetle,Field experiment,Teakettle Experimental Forest,36.96666667,-116.0333333,Table S1,2,1,1,0,8.57,2,0,0,,Deserts and Xeric Shrublands,1615.28667,132.623333,1.46972222,14.1978889
60,Steel et al. 2021,Pinus lambertiana,burned/understory thin,2000,NA,,"2011, 2017",stand mortality,fraction,0.1833333,3,,,0.285,3,,,drought&insect,2012,2016,beetle,Field experiment,Teakettle Experimental Forest,36.96666667,-116.0333333,Table S1,2,1,1,0,8.57,3,0,0,,Deserts and Xeric Shrublands,1615.28667,132.623333,1.46972222,14.1978889
60,Steel et al. 2021,Pinus lambertiana,unburned/overstory thin,2000,NA,,"2011, 2017",stand mortality,fraction,0.145,3,,,0.285,3,,,drought&insect,2012,2016,beetle,Field experiment,Teakettle Experimental Forest,36.96666667,-116.0333333,Table S1,2,1,1,0,8.57,4,0,0,,Deserts and Xeric Shrublands,1615.28667,132.623333,1.46972222,14.1978889
60,Steel et al. 2021,Pinus lambertiana,burned/overstory thin,2000,NA,,"2011, 2017",stand mortality,fraction,0.3975,3,,,0.285,3,,,drought&insect,2012,2016,beetle,Field experiment,Teakettle Experimental Forest,36.96666667,-116.0333333,Table S1,2,1,1,0,8.57,5,0,0,,Deserts and Xeric Shrublands,1615.28667,132.623333,1.46972222,14.1978889
61,Fajvan and Gottschalk 2012,mixed oak stand (red & white),low thinning,1981,31,"% stock change, not real BA%",1987,Wood volume,cm3,78694.7,27,148876.0023,28651.2,79778.2,27,153864.8282,29611.3,insects,1981,1982,gypsy moth,Field experiment,Clinton County Pennsylvania,41.2325278,-77.6423307,Table 1,1,0,0,0,,NA,0,0,moderate,Deserts and Xeric Shrublands,1615.28667,132.623333,1.46972222,14.1978889
61,Fajvan and Gottschalk 2012,mixed oak stand (red & white),moderate thinning,1981,42,"% stock change, not real BA%",1987,Wood volume,cm3,85837.2,27,165535.3866,31857.3,79778.2,27,153864.8282,29611.3,insects,1981,1982,gypsy moth,Field experiment,Clinton County Pennsylvania,41.2325278,-77.6423307,Table 1,1,0,0,0,,NA,0,0,moderate,Deserts and Xeric Shrublands,1615.28667,132.623333,1.46972222,14.1978889
129,Morris et al. 2022,Pinus contorta,Low thinning + timber stand improvement,1938,50,,2018,Basal area fraction killed by beetles,fraction,0.8,4,0.2,0.1,0.83,4,0.14,0.07,insects,2003,2010,mountain pine beetle,Field experiment,"Fraser Experimental Forest, Colorado",39.883,-105.883,Figure 2,2,0,0,0,0,NA,0,0,moderate,Deserts and Xeric Shrublands,1615.28667,132.623333,1.46972222,14.1978889
129,Morris et al. 2022,Pinus contorta,Moderate thinning + timber stand improvement,1938,67,,2018,Basal area fraction killed by beetles,fraction,0.71,4,0.22,0.11,0.83,4,0.14,0.07,insects,2003,2010,mountain pine beetle,Field experiment,"Fraser Experimental Forest, Colorado",39.883,-105.883,Figure 2,2,0,0,0,0,NA,0,0,high,Deserts and Xeric Shrublands,1615.28667,132.623333,1.46972222,14.1978889
129,Morris et al. 2022,Pinus contorta,"Moderate thinning, no timber stand improvement",1938,67,,2018,Basal area fraction killed by beetles,fraction,0.81,4,0.2,0.1,0.83,4,0.14,0.07,insects,2003,2010,mountain pine beetle,Field experiment,"Fraser Experimental Forest, Colorado",39.883,-105.883,Figure 2,2,0,0,0,0,NA,0,0,high,Deserts and Xeric Shrublands,1615.28667,132.623333,1.46972222,14.1978889
129,Morris et al. 2022,Pinus contorta,High thinning + timber stand improvement,1938,83,,2018,Basal area fraction killed by beetles,fraction,0.63,4,0.18,0.09,0.83,4,0.14,0.07,insects,2003,2010,mountain pine beetle,Field experiment,"Fraser Experimental Forest, Colorado",39.883,-105.883,Figure 2,2,0,0,0,0,NA,0,0,high,Deserts and Xeric Shrublands,1615.28667,132.623333,1.46972222,14.1978889
129,Morris et al. 2022,Pinus contorta,"High thinning, no timber stand improvement",1938,83,,2018,Basal area fraction killed by beetles,fraction,0.82,4,0.16,0.08,0.83,4,0.14,0.07,insects,2003,2010,mountain pine beetle,Field experiment,"Fraser Experimental Forest, Colorado",39.883,-105.883,Figure 2,2,0,0,0,0,NA,0,0,high,Deserts and Xeric Shrublands,1615.28667,132.623333,1.46972222,14.1978889
129,Morris et al. 2022,Pinus contorta,Low thinning + timber stand improvement,1938,50,,2018,Live basal area,m2/ha,23,4,10,5,10.5,4,6,3,insects,2003,2010,mountain pine beetle,Field experiment,"Fraser Experimental Forest, Colorado",39.883,-105.883,Figure 4,1,0,0,0,0,NA,0,0,moderate,Deserts and Xeric Shrublands,1615.28667,132.623333,1.46972222,14.1978889
129,Morris et al. 2022,Pinus contorta,Moderate thinning + timber stand improvement,1938,67,,2018,Live basal area,m2/ha,28,4,16,8,10.5,4,6,3,insects,2003,2010,mountain pine beetle,Field experiment,"Fraser Experimental Forest, Colorado",39.883,-105.883,Figure 4,1,0,0,0,0,NA,0,0,high,Deserts and Xeric Shrublands,1615.28667,132.623333,1.46972222,14.1978889
129,Morris et al. 2022,Pinus contorta,"Moderate thinning, no timber stand improvement",1938,67,,2018,Live basal area,m2/ha,15.5,4,12,6,10.5,4,6,3,insects,2003,2010,mountain pine beetle,Field experiment,"Fraser Experimental Forest, Colorado",39.883,-105.883,Figure 4,1,0,0,0,0,NA,0,0,high,Deserts and Xeric Shrublands,1615.28667,132.623333,1.46972222,14.1978889
129,Morris et al. 2022,Pinus contorta,High thinning + timber stand improvement,1938,83,,2018,Live basal area,m2/ha,24,4,12,6,10.5,4,6,3,insects,2003,2010,mountain pine beetle,Field experiment,"Fraser Experimental Forest, Colorado",39.883,-105.883,Figure 4,1,0,0,0,0,NA,0,0,high,Deserts and Xeric Shrublands,1615.28667,132.623333,1.46972222,14.1978889
129,Morris et al. 2022,Pinus contorta,"High thinning, no timber stand improvement",1938,83,,2018,Live basal area,m2/ha,17,4,11,5.5,10.5,4,6,3,insects,2003,2010,mountain pine beetle,Field experiment,"Fraser Experimental Forest, Colorado",39.883,-105.883,Figure 4,1,0,0,0,0,NA,0,0,high,Deserts and Xeric Shrublands,1615.28667,132.623333,1.46972222,14.1978889
149,Sullivan et al 2003,Pinus palustris,Low intensity burn,1997,,,2000,Cumulative mortality,fraction,0.0925514607,4,0.04855564,0.024277822,0.0576190519,4,0.03667988,0.018339938,insects,1998,2000,,Field experiment,"Savannah River Site, National Environmental Research Park, Barnwell County, South Carolina, USA",33.36,-81.6,It is not fully clear whether trees did actually die from insects (most dying trees had bark beetles on them). Also not clear if there was a distinct barkbeetle outbreak,2,0,0,1,,NA,0,0,,Temperate Conifer Forests,338.68,519.5,0.46997222,2.03713889
149,Sullivan et al 2004,Pinus palustris,Mid intensity burn,1997,,,2000,Cumulative mortality,fraction,0.128727616,4,0.05917107,0.029585535,0.0576190519,4,0.03667988,0.018339938,insects,1998,2000,,Field experiment,"Savannah River Site, National Environmental Research Park, Barnwell County, South Carolina, USA",33.36,-81.6,,2,0,0,1,,NA,0,0,,Temperate Conifer Forests,338.68,519.5,0.46997222,2.03713889
149,Sullivan et al 2005,Pinus palustris,High intensity burn,1997,,,2000,Cumulative mortality,fraction,0.229197066,4,0.12698351,0.063491754,0.0576190519,4,0.03667988,0.018339938,insects,1998,2000,,Field experiment,"Savannah River Site, National Environmental Research Park, Barnwell County, South Carolina, USA",33.36,-81.6,,2,0,0,1,,NA,0,0,,Temperate Conifer Forests,338.68,519.5,0.46997222,2.03713889
181,D'amato et al 2011,Picea glauca,Thinning,1999-2002,51,,2004-2007,Stem mortality rate,fraction,0.057,30,0.07668115805,0.014,0.14,30,0.07668115805,0.014,insects,2002,2005,spruce budworm,Field experiment,Northern Minnesota,47.7,-91.935,,2,0,0,0,,NA,0,0,high,Temperate Conifer Forests,338.68,519.5,0.46997222,2.03713889
187,Stark et al 2013,Abies concolor (small),Rx fire,2002,3.2,,2005,Basal area mortality rate,fraction,0.0062,20,0.0067082,0.0015,0.0019,20,0.00491935,0.0011,insects,2002,2005,"western pine beetle, mountain pine beetle, fir engraver",Field experiment,"Blodgett Forest Research Station, Georgetown, CA",38.91,-120.66,,2,0,0,0,,1,0,0,,Temperate Conifer Forests,338.68,519.5,0.46997222,2.03713889
187,Stark et al 2013,Abies concolor (medium),Rx fire,2002,3.2,,2005,Basal area mortality rate,fraction,0.0019,20,0.00491935,0.0011,0.0007,20,0.00178885,0.0004,insects,2002,2005,"western pine beetle, mountain pine beetle, fir engraver",Field experiment,"Blodgett Forest Research Station, Georgetown, CA",38.91,-120.66,,2,0,0,0,,1,0,0,,Temperate Conifer Forests,338.68,519.5,0.46997222,2.03713889
187,Stark et al 2013,Abies concolor (large),Rx fire,2002,3.2,,2005,Basal area mortality rate,fraction,0.0005,20,0.00134164,0.0003,0.0011,20,0.00447214,0.001,insects,2002,2005,"western pine beetle, mountain pine beetle, fir engraver",Field experiment,"Blodgett Forest Research Station, Georgetown, CA",38.91,-120.66,,2,0,0,0,,1,0,0,,Temperate Conifer Forests,338.68,519.5,0.46997222,2.03713889
187,Stark et al 2013,Abies concolor (small),thinning,2002,21.1,,2005,Basal area mortality rate,fraction,0.0019,20,0.00044721,0.0001,0.0019,20,0.00491935,0.0011,insects,2002,2005,"western pine beetle, mountain pine beetle, fir engraver",Field experiment,"Blodgett Forest Research Station, Georgetown, CA",38.91,-120.66,,2,0,0,0,,2,0,0,low,Temperate Conifer Forests,338.68,519.5,0.46997222,2.03713889
187,Stark et al 2013,Abies concolor (medium),thinning,2002,21.1,,2005,Basal area mortality rate,fraction,0,20,0,0,0.0007,20,0.00178885,0.0004,insects,2002,2005,"western pine beetle, mountain pine beetle, fir engraver",Field experiment,"Blodgett Forest Research Station, Georgetown, CA",38.91,-120.66,,2,0,0,0,,2,0,0,low,Temperate Conifer Forests,338.68,519.5,0.46997222,2.03713889
187,Stark et al 2013,Abies concolor (large),thinning,2002,21.1,,2005,Basal area mortality rate,fraction,0.0003,20,0.00134164,0.0003,0.0011,20,0.00447214,0.001,insects,2002,2005,"western pine beetle, mountain pine beetle, fir engraver",Field experiment,"Blodgett Forest Research Station, Georgetown, CA",38.91,-120.66,,2,0,0,0,,2,0,0,low,Temperate Conifer Forests,338.68,519.5,0.46997222,2.03713889
187,Stark et al 2013,Abies concolor (small),thinning + Rx fire,2002,28.6,,2005,Basal area mortality rate,fraction,0.0011,20,0.00357771,0.0008,0.0019,20,0.00491935,0.0011,insects,2002,2005,"western pine beetle, mountain pine beetle, fir engraver",Field experiment,"Blodgett Forest Research Station, Georgetown, CA",38.91,-120.66,,2,0,0,0,,3,0,0,,Temperate Broadleaf and Mixed Forests,54.7366667,739.033333,0.33825,3.17934722
187,Stark et al 2013,Abies concolor (medium),thinning + Rx fire,2002,28.6,,2005,Basal area mortality rate,fraction,0.0016,20,0.00715542,0.0016,0.0007,20,0.00178885,0.0004,insects,2002,2005,"western pine beetle, mountain pine beetle, fir engraver",Field experiment,"Blodgett Forest Research Station, Georgetown, CA",38.91,-120.66,,2,0,0,0,,3,0,0,,Temperate Conifer Forests,507.203333,479.223333,0.61358333,4.53041667
187,Stark et al 2013,Abies concolor (large),thinning + Rx fire,2002,28.6,,2005,Basal area mortality rate,fraction,0.0022,20,0.00804984,0.0018,0.0011,20,0.00447214,0.001,insects,2002,2005,"western pine beetle, mountain pine beetle, fir engraver",Field experiment,"Blodgett Forest Research Station, Georgetown, CA",38.91,-120.66,,2,0,0,0,,3,0,0,,Temperate Conifer Forests,507.203333,479.223333,0.61358333,4.53041667
187,Stark et al 2013,Pinus lambertiana (small),Rx fire,2002,3.2,,2005,Basal area mortality rate,fraction,0.0144,20,0.03354102,0.0075,0.0108,20,0.04829907,0.0108,insects,2002,2005,"western pine beetle, mountain pine beetle, fir engraver",Field experiment,"Blodgett Forest Research Station, Georgetown, CA",38.91,-120.66,,2,0,0,0,,1,0,0,,Temperate Conifer Forests,507.203333,479.223333,0.61358333,4.53041667
187,Stark et al 2013,Pinus lambertiana (medium),Rx fire,2002,3.2,,2005,Basal area mortality rate,fraction,0.0594,20,0.15384148,0.0344,0.0012,20,0.00536656,0.0012,insects,2002,2005,"western pine beetle, mountain pine beetle, fir engraver",Field experiment,"Blodgett Forest Research Station, Georgetown, CA",38.91,-120.66,,2,0,0,0,,1,0,0,,Temperate Conifer Forests,507.203333,479.223333,0.61358333,4.53041667
187,Stark et al 2013,Pinus lambertiana (large),Rx fire,2002,3.2,,2005,Basal area mortality rate,fraction,0,20,0,0,0,20,0,0,insects,2002,2005,"western pine beetle, mountain pine beetle, fir engraver",Field experiment,"Blodgett Forest Research Station, Georgetown, CA",38.91,-120.66,,2,0,0,0,,1,0,0,,Temperate Conifer Forests,507.203333,479.223333,0.61358333,4.53041667
187,Stark et al 2013,Pinus lambertiana (small),thinning,2002,21.1,,2005,Basal area mortality rate,fraction,0,20,0,0,0.0108,20,0.04829907,0.0108,insects,2002,2005,"western pine beetle, mountain pine beetle, fir engraver",Field experiment,"Blodgett Forest Research Station, Georgetown, CA",38.91,-120.66,,2,0,0,0,,2,0,0,low,Temperate Conifer Forests,642.813333,384.713333,0.65697222,6.60106944
187,Stark et al 2013,Pinus lambertiana (medium),thinning,2002,21.1,,2005,Basal area mortality rate,fraction,0,20,0,0,0.0012,20,0.00536656,0.0012,insects,2002,2005,"western pine beetle, mountain pine beetle, fir engraver",Field experiment,"Blodgett Forest Research Station, Georgetown, CA",38.91,-120.66,,2,0,0,0,,2,0,0,low,Temperate Conifer Forests,642.813333,384.713333,0.65697222,6.60106944
187,Stark et al 2013,Pinus lambertiana (large),thinning,2002,21.1,,2005,Basal area mortality rate,fraction,0,20,0,0,0,20,0,0,insects,2002,2005,"western pine beetle, mountain pine beetle, fir engraver",Field experiment,"Blodgett Forest Research Station, Georgetown, CA",38.91,-120.66,,2,0,0,0,,2,0,0,low,Temperate Conifer Forests,642.813333,384.713333,0.65697222,6.60106944
187,Stark et al 2013,Pinus lambertiana (small),thinning + Rx fire,2002,28.6,,2005,Basal area mortality rate,fraction,0.0036,20,0.01609969,0.0036,0.0108,20,0.04829907,0.0108,insects,2002,2005,"western pine beetle, mountain pine beetle, fir engraver",Field experiment,"Blodgett Forest Research Station, Georgetown, CA",38.91,-120.66,,2,0,0,0,,3,0,0,,Temperate Conifer Forests,642.813333,384.713333,0.65697222,6.60106944
187,Stark et al 2013,Pinus lambertiana (medium),thinning + Rx fire,2002,28.6,,2005,Basal area mortality rate,fraction,0,20,0,0,0.0012,20,0.00536656,0.0012,insects,2002,2005,"western pine beetle, mountain pine beetle, fir engraver",Field experiment,"Blodgett Forest Research Station, Georgetown, CA",38.91,-120.66,,2,0,0,0,,3,0,0,,Temperate Conifer Forests,642.813333,384.713333,0.65697222,6.60106944
187,Stark et al 2013,Pinus lambertiana (large),thinning + Rx fire,2002,28.6,,2005,Basal area mortality rate,fraction,0.001,20,0.00447214,0.001,0,20,0,0,insects,2002,2005,"western pine beetle, mountain pine beetle, fir engraver",Field experiment,"Blodgett Forest Research Station, Georgetown, CA",38.91,-120.66,,2,0,0,0,,3,0,0,,Temperate Conifer Forests,524.82,1306.09,0.7795,8.53658333
187,Stark et al 2013,Pinus ponderosa (small),Rx fire,2002,3.2,,2005,Basal area mortality rate,fraction,0.002,20,0.00894427,0.002,0,20,0,0,insects,2002,2005,"western pine beetle, mountain pine beetle, fir engraver",Field experiment,"Blodgett Forest Research Station, Georgetown, CA",38.91,-120.66,,2,0,0,0,,1,0,0,,Temperate Conifer Forests,524.82,1306.09,0.7795,8.53658333
187,Stark et al 2013,Pinus ponderosa (medium),Rx fire,2002,3.2,,2005,Basal area mortality rate,fraction,0.0025,20,0.01118034,0.0025,0,20,0,0,insects,2002,2005,"western pine beetle, mountain pine beetle, fir engraver",Field experiment,"Blodgett Forest Research Station, Georgetown, CA",38.91,-120.66,,2,0,0,0,,1,0,0,,Temperate Conifer Forests,524.82,1306.09,0.7795,8.53658333
187,Stark et al 2013,Pinus ponderosa (large),Rx fire,2002,3.2,,2005,Basal area mortality rate,fraction,0.0006,20,0.00268328,0.0006,0.0003,20,0.00134164,0.0003,insects,2002,2005,"western pine beetle, mountain pine beetle, fir engraver",Field experiment,"Blodgett Forest Research Station, Georgetown, CA",38.91,-120.66,,2,0,0,0,,1,0,0,,Temperate Conifer Forests,524.82,1306.09,0.7795,8.53658333
187,Stark et al 2013,Pinus ponderosa (small),thinning,2002,21.1,,2005,Basal area mortality rate,fraction,0,20,0,0,0,20,0,0,insects,2002,2005,"western pine beetle, mountain pine beetle, fir engraver",Field experiment,"Blodgett Forest Research Station, Georgetown, CA",38.91,-120.66,,2,0,0,0,,2,0,0,low,Temperate Broadleaf and Mixed Forests,72.7766667,1233.82,0.48977778,9.75481944
187,Stark et al 2013,Pinus ponderosa (medium),thinning,2002,21.1,,2005,Basal area mortality rate,fraction,0,20,0,0,0,20,0,0,insects,2002,2005,"western pine beetle, mountain pine beetle, fir engraver",Field experiment,"Blodgett Forest Research Station, Georgetown, CA",38.91,-120.66,,2,0,0,0,,2,0,0,low,Temperate Broadleaf and Mixed Forests,72.7766667,1233.82,0.48977778,9.75481944
187,Stark et al 2013,Pinus ponderosa (large),thinning,2002,21.1,,2005,Basal area mortality rate,fraction,0,20,0,0,0.0003,20,0.00134164,0.0003,insects,2002,2005,"western pine beetle, mountain pine beetle, fir engraver",Field experiment,"Blodgett Forest Research Station, Georgetown, CA",38.91,-120.66,,2,0,0,0,,2,0,0,low,Temperate Broadleaf and Mixed Forests,72.7766667,1233.82,0.48977778,9.75481944
187,Stark et al 2013,Pinus ponderosa (small),thinning + Rx fire,2002,28.6,,2005,Basal area mortality rate,fraction,0,20,0,0,0,20,0,0,insects,2002,2005,"western pine beetle, mountain pine beetle, fir engraver",Field experiment,"Blodgett Forest Research Station, Georgetown, CA",38.91,-120.66,,2,0,0,0,,3,0,0,,Temperate Broadleaf and Mixed Forests,72.7766667,1233.82,0.48977778,9.75481944
187,Stark et al 2013,Pinus ponderosa (medium),thinning + Rx fire,2002,28.6,,2005,Basal area mortality rate,fraction,0,20,0,0,0,20,0,0,insects,2002,2005,"western pine beetle, mountain pine beetle, fir engraver",Field experiment,"Blodgett Forest Research Station, Georgetown, CA",38.91,-120.66,,2,0,0,0,,3,0,0,,Temperate Broadleaf and Mixed Forests,72.7766667,1233.82,0.48977778,9.75481944
187,Stark et al 2013,Pinus ponderosa (large),thinning + Rx fire,2002,28.6,,2005,Basal area mortality rate,fraction,0.0004,20,0.00178885,0.0004,0.0003,20,0.00134164,0.0003,insects,2002,2005,"western pine beetle, mountain pine beetle, fir engraver",Field experiment,"Blodgett Forest Research Station, Georgetown, CA",38.91,-120.66,,2,0,0,0,,3,0,0,,Temperate Broadleaf and Mixed Forests,72.7766667,1233.82,0.48977778,9.75481944
190,Fettig et al 2011,Pinus jeffreyi; Pinus ponderosa; Abies concolor,high density thinning,1999-2002,3.4,%BA removed is calculated as (control - treatment)/control,2002,"mortality, percentage of bark beetle-killed trees/ha/yr",fraction,0.00383978,3,0.00360823,0.00208321,0.00934879,3,0.00193322,0.00111615,insects,1999,2009,Scolytus ventralis; Dendroctonus ponderosae; Dendroctonus jeffreyi; Ips pini; Orthotomicus; Dendroctonus brevicomis,Field experiment,Tahoe National Forest,39.47,-120.05,"Lat and lon are location of research station hq, not individual stands",2,0,0,0,,1,0,0,low,Temperate Broadleaf and Mixed Forests,72.7766667,1233.82,0.48977778,9.75481944
190,Fettig et al 2011,Pinus jeffreyi; Pinus ponderosa; Abies concolor,medium density thinning,1999-2002,25.1,%BA removed is calculated as (control - treatment)/control,2002,"mortality, percentage of bark beetle-killed trees/ha/yr",fraction,0.00954182,3,0.01131013,0.0065299,0.00934879,3,0.00193322,0.00111615,insects,1999,2009,Scolytus ventralis; Dendroctonus ponderosae; Dendroctonus jeffreyi; Ips pini; Orthotomicus; Dendroctonus brevicomis,Field experiment,Tahoe National Forest,39.47,-120.05,"Lat and lon are location of research station hq, not individual stands",2,0,0,0,,2,0,0,moderate,Temperate Broadleaf and Mixed Forests,72.7766667,1233.82,0.48977778,9.75481944
190,Fettig et al 2011,Pinus jeffreyi; Pinus ponderosa; Abies concolor,low density thinning,1999-2002,40.2,%BA removed is calculated as (control - treatment)/control,2002,"mortality, percentage of bark beetle-killed trees/ha/yr",fraction,0.01216448,3,0.008481,0.00489651,0.00934879,3,0.00193322,0.00111615,insects,1999,2009,Scolytus ventralis; Dendroctonus ponderosae; Dendroctonus jeffreyi; Ips pini; Orthotomicus; Dendroctonus brevicomis,Field experiment,Tahoe National Forest,39.47,-120.05,"Lat and lon are location of research station hq, not individual stands",2,0,0,0,,3,0,0,moderate,Temperate Broadleaf and Mixed Forests,72.7766667,1233.82,0.48977778,9.75481944
190,Fettig et al 2011,Pinus jeffreyi; Pinus ponderosa; Abies concolor,high density thinning,1999-2003,3.4,%BA removed is calculated as (control - treatment)/control,2003,"mortality, percentage of bark beetle-killed trees/ha/yr",fraction,0.00418991,3,0.00731038,0.00422065,0.00723896,3,0.01070256,0.00617913,insects,1999,2009,Scolytus ventralis; Dendroctonus ponderosae; Dendroctonus jeffreyi; Ips pini; Orthotomicus; Dendroctonus brevicomis,Field experiment,Tahoe National Forest,39.47,-120.05,"Lat and lon are location of research station hq, not individual stands",2,0,0,0,,1,0,0,low,Temperate Broadleaf and Mixed Forests,72.7766667,1233.82,0.48977778,9.75481944
190,Fettig et al 2011,Pinus jeffreyi; Pinus ponderosa; Abies concolor,medium density thinning,1999-2003,25.1,%BA removed is calculated as (control - treatment)/control,2003,"mortality, percentage of bark beetle-killed trees/ha/yr",fraction,0.00631388,3,0.00575685,0.00332372,0.00723896,3,0.01070256,0.00617913,insects,1999,2009,Scolytus ventralis; Dendroctonus ponderosae; Dendroctonus jeffreyi; Ips pini; Orthotomicus; Dendroctonus brevicomis,Field experiment,Tahoe National Forest,39.47,-120.05,"Lat and lon are location of research station hq, not individual stands",2,0,0,0,,2,0,0,moderate,Temperate Broadleaf and Mixed Forests,72.7766667,1233.82,0.48977778,9.75481944
190,Fettig et al 2011,Pinus jeffreyi; Pinus ponderosa; Abies concolor,low density thinning,1999-2003,40.2,%BA removed is calculated as (control - treatment)/control,2003,"mortality, percentage of bark beetle-killed trees/ha/yr",fraction,0.0108226,3,0.00534372,0.0030852,0.00723896,3,0.01070256,0.00617913,insects,1999,2009,Scolytus ventralis; Dendroctonus ponderosae; Dendroctonus jeffreyi; Ips pini; Orthotomicus; Dendroctonus brevicomis,Field experiment,Tahoe National Forest,39.47,-120.05,"Lat and lon are location of research station hq, not individual stands",2,0,0,0,,3,0,0,moderate,Temperate Broadleaf and Mixed Forests,72.7766667,1233.82,0.48977778,9.75481944
190,Fettig et al 2011,Pinus jeffreyi; Pinus ponderosa; Abies concolor,high density thinning,1999-2004,3.4,%BA removed is calculated as (control - treatment)/control,2004,"mortality, percentage of bark beetle-killed trees/ha/yr",fraction,0.00644568,3,0.01119726,0.00646474,0.00642478,3,0.00601815,0.00347458,insects,1999,2009,Scolytus ventralis; Dendroctonus ponderosae; Dendroctonus jeffreyi; Ips pini; Orthotomicus; Dendroctonus brevicomis,Field experiment,Tahoe National Forest,39.47,-120.05,"Lat and lon are location of research station hq, not individual stands",2,0,0,0,,1,0,0,low,Temperate Broadleaf and Mixed Forests,72.7766667,1233.82,0.48977778,9.75481944
190,Fettig et al 2011,Pinus jeffreyi; Pinus ponderosa; Abies concolor,medium density thinning,1999-2004,25.1,%BA removed is calculated as (control - treatment)/control,2004,"mortality, percentage of bark beetle-killed trees/ha/yr",fraction,0.00944764,3,0.00236978,0.00136819,0.00642478,3,0.00601815,0.00347458,insects,1999,2009,Scolytus ventralis; Dendroctonus ponderosae; Dendroctonus jeffreyi; Ips pini; Orthotomicus; Dendroctonus brevicomis,Field experiment,Tahoe National Forest,39.47,-120.05,"Lat and lon are location of research station hq, not individual stands",2,0,0,0,,2,0,0,moderate,Temperate Broadleaf and Mixed Forests,72.7766667,1233.82,0.48977778,9.75481944
190,Fettig et al 2011,Pinus jeffreyi; Pinus ponderosa; Abies concolor,low density thinning,1999-2004,40.2,%BA removed is calculated as (control - treatment)/control,2004,"mortality, percentage of bark beetle-killed trees/ha/yr",fraction,0.0022945,3,0.00201925,0.00116582,0.00642478,3,0.00601815,0.00347458,insects,1999,2009,Scolytus ventralis; Dendroctonus ponderosae; Dendroctonus jeffreyi; Ips pini; Orthotomicus; Dendroctonus brevicomis,Field experiment,Tahoe National Forest,39.47,-120.05,"Lat and lon are location of research station hq, not individual stands",2,0,0,0,,3,0,0,moderate,Temperate Broadleaf and Mixed Forests,72.7766667,1233.82,0.48977778,9.75481944
190,Fettig et al 2011,Pinus jeffreyi; Pinus ponderosa; Abies concolor,high density thinning,1999-2005,3.4,%BA removed is calculated as (control - treatment)/control,2005,"mortality, percentage of bark beetle-killed trees/ha/yr",fraction,0.00214524,3,0.00360088,0.00207897,0.00081258,3,0.00141361,0.00081615,insects,1999,2009,Scolytus ventralis; Dendroctonus ponderosae; Dendroctonus jeffreyi; Ips pini; Orthotomicus; Dendroctonus brevicomis,Field experiment,Tahoe National Forest,39.47,-120.05,"Lat and lon are location of research station hq, not individual stands",2,0,0,0,,1,0,0,low,Temperate Conifer Forests,272.59,1170.3,0.90466667,17.9244444
190,Fettig et al 2011,Pinus jeffreyi; Pinus ponderosa; Abies concolor,medium density thinning,1999-2005,25.1,%BA removed is calculated as (control - treatment)/control,2005,"mortality, percentage of bark beetle-killed trees/ha/yr",fraction,0,3,0,0,0.00081258,3,0.00141361,0.00081615,insects,1999,2009,Scolytus ventralis; Dendroctonus ponderosae; Dendroctonus jeffreyi; Ips pini; Orthotomicus; Dendroctonus brevicomis,Field experiment,Tahoe National Forest,39.47,-120.05,"Lat and lon are location of research station hq, not individual stands",2,0,0,0,,2,0,0,moderate,Temperate Conifer Forests,272.59,1170.3,0.90466667,17.9244444
190,Fettig et al 2011,Pinus jeffreyi; Pinus ponderosa; Abies concolor,low density thinning,1999-2005,40.2,%BA removed is calculated as (control - treatment)/control,2005,"mortality, percentage of bark beetle-killed trees/ha/yr",fraction,0,3,0,0,0.00081258,3,0.00141361,0.00081615,insects,1999,2009,Scolytus ventralis; Dendroctonus ponderosae; Dendroctonus jeffreyi; Ips pini; Orthotomicus; Dendroctonus brevicomis,Field experiment,Tahoe National Forest,39.47,-120.05,"Lat and lon are location of research station hq, not individual stands",2,0,0,0,,3,0,0,moderate,Temperate Conifer Forests,272.59,1170.3,0.90466667,17.9244444
190,Fettig et al 2011,Pinus jeffreyi; Pinus ponderosa; Abies concolor,high density thinning,1999-2006,3.4,%BA removed is calculated as (control - treatment)/control,2006,"mortality, percentage of bark beetle-killed trees/ha/yr",fraction,0,3,0,0,0.00081037,3,0.00140615,0.00081184,insects,1999,2009,Scolytus ventralis; Dendroctonus ponderosae; Dendroctonus jeffreyi; Ips pini; Orthotomicus; Dendroctonus brevicomis,Field experiment,Tahoe National Forest,39.47,-120.05,"Lat and lon are location of research station hq, not individual stands",2,0,0,0,,1,0,0,low,Temperate Conifer Forests,699.37,676.026667,0.76477778,6.56779167
190,Fettig et al 2011,Pinus jeffreyi; Pinus ponderosa; Abies concolor,medium density thinning,1999-2006,25.1,%BA removed is calculated as (control - treatment)/control,2006,"mortality, percentage of bark beetle-killed trees/ha/yr",fraction,0,3,0,0,0.00081037,3,0.00140615,0.00081184,insects,1999,2009,Scolytus ventralis; Dendroctonus ponderosae; Dendroctonus jeffreyi; Ips pini; Orthotomicus; Dendroctonus brevicomis,Field experiment,Tahoe National Forest,39.47,-120.05,"Lat and lon are location of research station hq, not individual stands",2,0,0,0,,2,0,0,moderate,Temperate Conifer Forests,699.37,676.026667,0.76477778,6.56779167
190,Fettig et al 2011,Pinus jeffreyi; Pinus ponderosa; Abies concolor,low density thinning,1999-2006,40.2,%BA removed is calculated as (control - treatment)/control,2006,"mortality, percentage of bark beetle-killed trees/ha/yr",fraction,0,3,0,0,0.00081037,3,0.00140615,0.00081184,insects,1999,2009,Scolytus ventralis; Dendroctonus ponderosae; Dendroctonus jeffreyi; Ips pini; Orthotomicus; Dendroctonus brevicomis,Field experiment,Tahoe National Forest,39.47,-120.05,"Lat and lon are location of research station hq, not individual stands",2,0,0,0,,3,0,0,moderate,Temperate Conifer Forests,699.37,676.026667,0.76477778,6.56779167
190,Fettig et al 2011,Pinus jeffreyi; Pinus ponderosa; Abies concolor,high density thinning,1999-2007,3.4,%BA removed is calculated as (control - treatment)/control,2007,"mortality, percentage of bark beetle-killed trees/ha/yr",fraction,0,3,0,0,0.00223438,3,0.00242707,0.00140127,insects,1999,2009,Scolytus ventralis; Dendroctonus ponderosae; Dendroctonus jeffreyi; Ips pini; Orthotomicus; Dendroctonus brevicomis,Field experiment,Tahoe National Forest,39.47,-120.05,"Lat and lon are location of research station hq, not individual stands",2,0,0,0,,1,0,0,low,Temperate Conifer Forests,699.37,676.026667,0.76477778,6.56779167
190,Fettig et al 2011,Pinus jeffreyi; Pinus ponderosa; Abies concolor,medium density thinning,1999-2007,25.1,%BA removed is calculated as (control - treatment)/control,2007,"mortality, percentage of bark beetle-killed trees/ha/yr",fraction,0,3,0,0,0.00223438,3,0.00242707,0.00140127,insects,1999,2009,Scolytus ventralis; Dendroctonus ponderosae; Dendroctonus jeffreyi; Ips pini; Orthotomicus; Dendroctonus brevicomis,Field experiment,Tahoe National Forest,39.47,-120.05,"Lat and lon are location of research station hq, not individual stands",2,0,0,0,,2,0,0,moderate,Temperate Conifer Forests,699.37,676.026667,0.76477778,6.56779167
190,Fettig et al 2011,Pinus jeffreyi; Pinus ponderosa; Abies concolor,low density thinning,1999-2007,40.2,%BA removed is calculated as (control - treatment)/control,2007,"mortality, percentage of bark beetle-killed trees/ha/yr",fraction,0,3,0,0,0.00223438,3,0.00242707,0.00140127,insects,1999,2009,Scolytus ventralis; Dendroctonus ponderosae; Dendroctonus jeffreyi; Ips pini; Orthotomicus; Dendroctonus brevicomis,Field experiment,Tahoe National Forest,39.47,-120.05,"Lat and lon are location of research station hq, not individual stands",2,0,0,0,,3,0,0,moderate,Temperate Conifer Forests,699.37,676.026667,0.76477778,6.56779167
190,Fettig et al 2011,Pinus jeffreyi; Pinus ponderosa; Abies concolor,high density thinning,1999-2008,3.4,%BA removed is calculated as (control - treatment)/control,2008,"mortality, percentage of bark beetle-killed trees/ha/yr",fraction,0.00421413,3,0.00376167,0.0021718,0.00164336,3,0.00275736,0.00159196,insects,1999,2009,Scolytus ventralis; Dendroctonus ponderosae; Dendroctonus jeffreyi; Ips pini; Orthotomicus; Dendroctonus brevicomis,Field experiment,Tahoe National Forest,39.47,-120.05,"Lat and lon are location of research station hq, not individual stands",2,0,0,0,,1,0,0,low,Temperate Conifer Forests,699.37,676.026667,0.76477778,6.56779167
190,Fettig et al 2011,Pinus jeffreyi; Pinus ponderosa; Abies concolor,medium density thinning,1999-2008,25.1,%BA removed is calculated as (control - treatment)/control,2008,"mortality, percentage of bark beetle-killed trees/ha/yr",fraction,0.00448438,3,0.00778314,0.0044936,0.00164336,3,0.00275736,0.00159196,insects,1999,2009,Scolytus ventralis; Dendroctonus ponderosae; Dendroctonus jeffreyi; Ips pini; Orthotomicus; Dendroctonus brevicomis,Field experiment,Tahoe National Forest,39.47,-120.05,"Lat and lon are location of research station hq, not individual stands",2,0,0,0,,2,0,0,moderate,Temperate Conifer Forests,699.37,676.026667,0.76477778,6.56779167
190,Fettig et al 2011,Pinus jeffreyi; Pinus ponderosa; Abies concolor,low density thinning,1999-2008,40.2,%BA removed is calculated as (control - treatment)/control,2008,"mortality, percentage of bark beetle-killed trees/ha/yr",fraction,0.00339995,3,0.00590848,0.00341126,0.00164336,3,0.00275736,0.00159196,insects,1999,2009,Scolytus ventralis; Dendroctonus ponderosae; Dendroctonus jeffreyi; Ips pini; Orthotomicus; Dendroctonus brevicomis,Field experiment,Tahoe National Forest,39.47,-120.05,"Lat and lon are location of research station hq, not individual stands",2,0,0,0,,3,0,0,moderate,Temperate Conifer Forests,699.37,676.026667,0.76477778,6.56779167
190,Fettig et al 2011,Pinus jeffreyi; Pinus ponderosa; Abies concolor,high density thinning,1999-2009,3.4,%BA removed is calculated as (control - treatment)/control,2009,"mortality, percentage of bark beetle-killed trees/ha/yr",fraction,0.00216639,3,0.00357746,0.00206545,0.00164127,3,0.00273053,0.00157647,insects,1999,2009,Scolytus ventralis; Dendroctonus ponderosae; Dendroctonus jeffreyi; Ips pini; Orthotomicus; Dendroctonus brevicomis,Field experiment,Tahoe National Forest,39.47,-120.05,"Lat and lon are location of research station hq, not individual stands",2,0,0,0,,1,0,0,low,Temperate Conifer Forests,699.37,676.026667,0.76477778,6.56779167
190,Fettig et al 2011,Pinus jeffreyi; Pinus ponderosa; Abies concolor,medium density thinning,1999-2009,25.1,%BA removed is calculated as (control - treatment)/control,2009,"mortality, percentage of bark beetle-killed trees/ha/yr",fraction,0.00093049,3,0.00164594,0.00095028,0.00164127,3,0.00273053,0.00157647,insects,1999,2009,Scolytus ventralis; Dendroctonus ponderosae; Dendroctonus jeffreyi; Ips pini; Orthotomicus; Dendroctonus brevicomis,Field experiment,Tahoe National Forest,39.47,-120.05,"Lat and lon are location of research station hq, not individual stands",2,0,0,0,,2,0,0,moderate,Temperate Conifer Forests,699.37,676.026667,0.76477778,6.56779167
190,Fettig et al 2011,Pinus jeffreyi; Pinus ponderosa; Abies concolor,low density thinning,1999-2009,40.2,%BA removed is calculated as (control - treatment)/control,2009,"mortality, percentage of bark beetle-killed trees/ha/yr",fraction,0.00114467,3,0.00185315,0.00106992,0.00164127,3,0.00273053,0.00157647,insects,1999,2009,Scolytus ventralis; Dendroctonus ponderosae; Dendroctonus jeffreyi; Ips pini; Orthotomicus; Dendroctonus brevicomis,Field experiment,Tahoe National Forest,39.47,-120.05,"Lat and lon are location of research station hq, not individual stands",2,0,0,0,,3,0,0,moderate,Temperate Conifer Forests,699.37,676.026667,0.76477778,6.56779167
191,Sturdevant et al. 2022,Pseudotsuga menziesii,Thinned,2014-2015,55,calculated from BA of untreated to teated stands,2017-2018,Basal area,ft2/ac,62,18,10.6066,2.5,140,12,24.5951,7.1,insects,2015,2016,douglas fir beetle,Field experimet,"Helena National Forest, Montana",46.3,-111.5,Table 1,1,0,0,0,,NA,0,0,high,Temperate Conifer Forests,699.37,676.026667,0.76477778,6.56779167
191,Sturdevant et al. 2022,Pseudotsuga menziesii,Thinned,2014-2015,55,calculated from BA of untreated to teated stands,2017-2018,% Mortality killed by beetles,fraction,0.01574468,18,0.0415237,0.00978724,0.03531915,12,0.051593,0.014893617,insects,2015,2016,douglas fir beetle,Field experimet,"Helena National Forest, Montana",46.3,-111.5,figure 1,2,0,0,0,,NA,0,0,high,Temperate Conifer Forests,699.37,676.026667,0.76477778,6.56779167
193,Zhang et al 2013,Ponderosa Pine,thinning,"1967, 1977, 1986",70.80291971,136_stems_per_hectare,2012,basal area mortality,fraction,0,3,NA,NA,0,3,NA,NA,insects,1987,2012,dendroctonus bark beetle,Field experiment,Blue Mountains,44.35,-118.28,"**NO TRUE CONTROL: Control was 20-38% BA removed; methods suggest 45 years of measurement, figure 6 says 60 years. typo?.*** n likely 3. **** Cedric recalculated it as fraction mortality, using the ""live"" BA as baseline",2,0,1,0,,NA,0,1,high,Temperate Conifer Forests,699.37,676.026667,0.76477778,6.56779167
193,Zhang et al 2013,Ponderosa Pine,thinning,"1967, 1977, 1986",58.23529412,272_stems_per_hectare,2012,basal area mortality,fraction,0,3,NA,NA,0,3,NA,NA,insects,1987,2012,dendroctonus bark beetle,Field experiment,Blue Mountains,44.35,-118.28,"**methods suggest 45 years of measurement, figure 6 says 60 years. typo?.*** n likely 3 but not sure **** Cedric recalculated it as fraction mortality, using the total BA as baseline",2,0,1,0,,NA,0,1,high,Temperate Conifer Forests,699.37,676.026667,0.76477778,6.56779167
193,Zhang et al 2013,Ponderosa Pine,thinning,"1967, 1977, 1986",48.7654321,363_stems_per_hectare,2012,basal area mortality,fraction,0,3,NA,NA,0,3,NA,NA,insects,1987,2012,dendroctonus bark beetle,Field experiment,Blue Mountains,44.35,-118.28,"**methods suggest 45 years of measurement, figure 6 says 60 years. typo?.*** n likely 3 but not sure **** Cedric recalculated it as fraction mortality, using the total BA as baseline",2,0,1,0,,NA,0,1,moderate,Temperate Conifer Forests,699.37,676.026667,0.76477778,6.56779167
193,Zhang et al 2013,Ponderosa Pine,thinning,"1967, 1977, 1986",43.75,452_stems_per_hectare,2012,basal area mortality,fraction,0,3,NA,NA,0,3,NA,NA,insects,1987,2012,dendroctonus bark beetle,Field experiment,Blue Mountains,44.35,-118.28,"**methods suggest 45 years of measurement, figure 6 says 60 years. typo?.*** n likely 3 but not sure **** Cedric recalculated it as fraction mortality, using the total BA as baseline",2,0,1,0,,NA,0,1,moderate,Temperate Conifer Forests,699.37,676.026667,0.76477778,6.56779167
193,Zhang et al 2013,Ponderosa Pine,thinning,"1967, 1977, 1986",38.88888889,544_stems_per_hectare,2012,basal area mortality,fraction,0,3,NA,NA,0,3,NA,NA,insects,1987,2012,dendroctonus bark beetle,Field experiment,Blue Mountains,44.35,-118.28,"**methods suggest 45 years of measurement, figure 6 says 60 years. typo?.*** n likely 3 but not sure **** Cedric recalculated it as fraction mortality, using the total BA as baseline",2,0,1,0,,NA,0,1,moderate,Temperate Conifer Forests,699.37,676.026667,0.76477778,6.56779167
193,Zhang et al 2013,Ponderosa Pine,thinning,"1965, 1975, 1985",76.66666667,136_stems_per_hectare,2012,basal area mortality,fraction,0,3,NA,NA,0.100418,3,NA,NA,insects,1987,2012,dendroctonus bark beetle,Field experiment,Lookout Mountain,43.46,-121.43,"**methods suggest 45 years of measurement, figure 6 says 60 years. typo?.*** n likely 3 but not sure **** Cedric recalculated it as fraction mortality, using the total BA as baseline",2,0,1,0,,NA,0,1,high,Temperate Conifer Forests,699.37,676.026667,0.76477778,6.56779167
193,Zhang et al 2013,Ponderosa Pine,thinning,"1965, 1975, 1985",67.31707317,272_stems_per_hectare,2012,basal area mortality,fraction,0.036199,3,NA,NA,0.100418,3,NA,NA,insects,1987,2012,dendroctonus bark beetle,Field experiment,Lookout Mountain,43.46,-121.43,"**methods suggest 45 years of measurement, figure 6 says 60 years. typo?.*** n likely 3 but not sure **** Cedric recalculated it as fraction mortality, using the total BA as baseline",2,0,1,0,,NA,0,1,high,Temperate Conifer Forests,699.37,676.026667,0.76477778,6.56779167
193,Zhang et al 2013,Ponderosa Pine,thinning,"1965, 1975, 1985",61.68224299,363_stems_per_hectare,2012,basal area mortality,fraction,0,3,NA,NA,0.100418,3,NA,NA,insects,1987,2012,dendroctonus bark beetle,Field experiment,Lookout Mountain,43.46,-121.43,"**methods suggest 45 years of measurement, figure 6 says 60 years. typo?.*** n likely 3 but not sure **** Cedric recalculated it as fraction mortality, using the total BA as baseline",2,0,1,0,,NA,0,1,high,Temperate Conifer Forests,699.37,676.026667,0.76477778,6.56779167
193,Zhang et al 2013,Ponderosa Pine,thinning,"1965, 1975, 1985",54.50236967,452_stems_per_hectare,2012,basal area mortality,fraction,0,3,NA,NA,0.100418,3,NA,NA,insects,1987,2012,dendroctonus bark beetle,Field experiment,Lookout Mountain,43.46,-121.43,"**methods suggest 45 years of measurement, figure 6 says 60 years. typo?.*** n likely 3 but not sure **** Cedric recalculated it as fraction mortality, using the total BA as baseline",2,0,1,0,,NA,0,1,high,Temperate Conifer Forests,699.37,676.026667,0.76477778,6.56779167
193,Zhang et al 2013,Ponderosa Pine,thinning,"1965, 1975, 1985",47.39130435,544_stems_per_hectare,2012,basal area mortality,fraction,0.052419,3,NA,NA,0.100418,3,NA,NA,insects,1987,2012,dendroctonus bark beetle,Field experiment,Lookout Mountain,43.46,-121.43,"**methods suggest 45 years of measurement, figure 6 says 60 years. typo?.*** n likely 3 but not sure **** Cedric recalculated it as fraction mortality, using the total BA as baseline",2,0,1,0,,NA,0,1,moderate,Temperate Conifer Forests,699.37,676.026667,0.76477778,6.56779167
193,Zhang et al 2013,Ponderosa Pine,thinning,"1969, 1979, 1989",65.2173913,180_stems_per_hectare,2012,basal area mortality,fraction,0.014286,3,NA,NA,0.447273,3,NA,NA,insects,1987,2012,dendroctonus bark beetle,Field experiment,Elliot Ranch,39.09,-120.45,"**methods suggest 45 years of measurement, figure 6 says 60 years. typo?.*** n likely 3 but not sure **** Cedric recalculated it as fraction mortality, using the total BA as baseline",2,0,1,0,,NA,0,1,high,Temperate Conifer Forests,600.443333,493.74,0.63119444,6.61136111
193,Zhang et al 2013,Ponderosa Pine,thinning,"1969, 1979, 1989",51.67464115,316_stems_per_hectare,2012,basal area mortality,fraction,0.042373,3,NA,NA,0.447273,3,NA,NA,insects,1987,2012,dendroctonus bark beetle,Field experiment,Elliot Ranch,39.09,-120.45,"**methods suggest 45 years of measurement, figure 6 says 60 years. typo?.*** n likely 3 but not sure **** Cedric recalculated it as fraction mortality, using the total BA as baseline",2,0,1,0,,NA,0,1,high,Temperate Conifer Forests,600.443333,493.74,0.63119444,6.61136111
193,Zhang et al 2013,Ponderosa Pine,thinning,"1969, 1979, 1989",37.55868545,452_stems_per_hectare,2012,basal area mortality,fraction,0.174274,3,NA,NA,0.447273,3,NA,NA,insects,1987,2012,dendroctonus bark beetle,Field experiment,Elliot Ranch,39.09,-120.45,"**methods suggest 45 years of measurement, figure 6 says 60 years. typo?.*** n likely 3 but not sure **** Cedric recalculated it as fraction mortality, using the total BA as baseline",2,0,1,0,,NA,0,1,moderate,Temperate Conifer Forests,600.443333,493.74,0.63119444,6.61136111
193,Zhang et al 2013,Ponderosa Pine,thinning,"1969, 1979, 1989",29.46428571,588_stems_per_hectare,2012,basal area mortality,fraction,0.306773,3,NA,NA,0.447273,3,NA,NA,insects,1987,2012,dendroctonus bark beetle,Field experiment,Elliot Ranch,39.09,-120.45,"**methods suggest 45 years of measurement, figure 6 says 60 years. typo?.*** n likely 3 but not sure **** Cedric recalculated it as fraction mortality, using the total BA as baseline",2,0,1,0,,NA,0,1,moderate,Temperate Conifer Forests,600.443333,493.74,0.63119444,6.61136111
201,Muzika et al. 2000,Mixed Oaks,Thinning,1989,32.3,Stands 13&14,1990,basal area mortality,fraction,0.00757863,10,0.03594859,0.01136794,0.01091107,10,0.0215649,0.00681942,insects,1990,1994,two-lined chestnut borer,Field experiment,West Virginia Univerity Forest,39.69,-79.77,"Lat and lon are location of research station hq, not individual stands; Mortality rate and ERRORS calculated by dividing mean and ERROR of dead BA by initial BA (without ERROR)..., mortality recalculated as fraction by Cedric",2,0,0,0,,1,0,0,moderate,Temperate Broadleaf and Mixed Forests,222.953333,1213.02333,0.85230556,17.3383611
201,Muzika et al. 2000,Mixed Oaks,Thinning,1989,32.3,Stands 13&14,1991,basal area mortality,fraction,0.05494506,10,0.06590575,0.02084123,0.14593562,10,0.07332068,0.02318603,insects,1990,1994,two-lined chestnut borer,Field experiment,West Virginia Univerity Forest,39.69,-79.77,"Lat and lon are location of research station hq, not individual stands; Mortality rate and ERRORS calculated by dividing mean and ERROR of dead BA by initial BA (without ERROR)..., mortality recalculated as fraction by Cedric",2,0,0,0,,1,0,0,moderate,Temperate Broadleaf and Mixed Forests,222.953333,1213.02333,0.85230556,17.3383611
201,Muzika et al. 2000,Mixed Oaks,Thinning,1989,32.3,Stands 13&14,1992,basal area mortality,fraction,0.1061008,10,0.07189718,0.02273588,0.25095472,10,0.11213751,0.03546099,insects,1990,1994,two-lined chestnut borer,Field experiment,West Virginia Univerity Forest,39.69,-79.77,"Lat and lon are location of research station hq, not individual stands; Mortality rate and ERRORS calculated by dividing mean and ERROR of dead BA by initial BA (without ERROR)..., mortality recalculated as fraction by Cedric",2,0,0,0,,1,0,0,moderate,Temperate Broadleaf and Mixed Forests,222.953333,1213.02333,0.85230556,17.3383611
201,Muzika et al. 2000,Mixed Oaks,Thinning,1989,32.3,Stands 13&14,1993,basal area mortality,fraction,0.06252368,10,0.04194002,0.0132626,0.05046372,10,0.05175577,0.01636661,insects,1990,1994,two-lined chestnut borer,Field experiment,West Virginia Univerity Forest,39.69,-79.77,"Lat and lon are location of research station hq, not individual stands; Mortality rate and ERRORS calculated by dividing mean and ERROR of dead BA by initial BA (without ERROR)..., mortality recalculated as fraction by Cedric",2,0,0,0,,1,0,0,moderate,Temperate Broadleaf and Mixed Forests,222.953333,1213.02333,0.85230556,17.3383611
201,Muzika et al. 2000,Mixed Oaks,Thinning,1989,32.3,Stands 13&14,1994,basal area mortality,fraction,0.00757863,10,0.04194002,0.0132626,0.01227496,10,0.0215649,0.00681942,insects,1990,1994,two-lined chestnut borer,Field experiment,West Virginia Univerity Forest,39.69,-79.77,"Lat and lon are location of research station hq, not individual stands; Mortality rate and ERRORS calculated by dividing mean and ERROR of dead BA by initial BA (without ERROR)..., mortality recalculated as fraction by Cedric",2,0,0,0,,1,0,0,moderate,Temperate Broadleaf and Mixed Forests,126.24,1063.04,0.60019444,11.5051389
201,Muzika et al. 2000,Mixed Oaks,Thinning,1989,32.6,Stamds 15&16,1990,basal area mortality,fraction,0.00968992,19,0.07391544,0.01695736,0.01484414,13,0.03568086,0.00989609,insects,1990,1994,two-lined chestnut borer,Field experiment,West Virginia Univerity Forest,39.69,-79.77,"Lat and lon are location of research station hq, not individual stands; Mortality rate and ERRORS calculated by dividing mean and ERROR of dead BA by initial BA (without ERROR)..., mortality recalculated as fraction by Cedric",2,0,0,0,,2,0,0,moderate,Temperate Broadleaf and Mixed Forests,126.24,1063.04,0.60019444,11.5051389
201,Muzika et al. 2000,Mixed Oaks,Thinning,1989,32.6,Stamds 15&16,1991,basal area mortality,fraction,0.25436047,19,0.13727153,0.03149225,0.35460993,13,0.14272345,0.03958436,insects,1990,1994,two-lined chestnut borer,Field experiment,West Virginia Univerity Forest,39.69,-79.77,"Lat and lon are location of research station hq, not individual stands; Mortality rate and ERRORS calculated by dividing mean and ERROR of dead BA by initial BA (without ERROR)..., mortality recalculated as fraction by Cedric",2,0,0,0,,2,0,0,moderate,Temperate Broadleaf and Mixed Forests,126.24,1063.04,0.60019444,11.5051389
201,Muzika et al. 2000,Mixed Oaks,Thinning,1989,32.6,Stamds 15&16,1992,basal area mortality,fraction,0.12596899,19,0.12671218,0.02906977,0.09401286,13,0.06541492,0.01814283,insects,1990,1994,two-lined chestnut borer,Field experiment,West Virginia Univerity Forest,39.69,-79.77,"Lat and lon are location of research station hq, not individual stands; Mortality rate and ERRORS calculated by dividing mean and ERROR of dead BA by initial BA (without ERROR)..., mortality recalculated as fraction by Cedric",2,0,0,0,,2,0,0,moderate,Temperate Broadleaf and Mixed Forests,126.24,1063.04,0.60019444,11.5051389
201,Muzika et al. 2000,Mixed Oaks,Thinning,1989,32.6,Stamds 15&16,1993,basal area mortality,fraction,0.03149225,19,0.05279674,0.0121124,0.02968827,13,0.02378724,0.00659739,insects,1990,1994,two-lined chestnut borer,Field experiment,West Virginia Univerity Forest,39.69,-79.77,"Lat and lon are location of research station hq, not individual stands; Mortality rate and ERRORS calculated by dividing mean and ERROR of dead BA by initial BA (without ERROR)..., mortality recalculated as fraction by Cedric",2,0,0,0,,2,0,0,moderate,Temperate Conifer Forests,567.62,393.13,0.69525,5.54275
201,Muzika et al. 2000,Mixed Oaks,Thinning,1989,32.6,Stamds 15&16,1994,basal area mortality,fraction,0,19,0.05279674,0.0121124,0.0032987,13,0.02973405,0.00824674,insects,1990,1994,two-lined chestnut borer,Field experiment,West Virginia Univerity Forest,39.69,-79.77,"Lat and lon are location of research station hq, not individual stands; Mortality rate and ERRORS calculated by dividing mean and ERROR of dead BA by initial BA (without ERROR)..., mortality recalculated as fraction by Cedric",2,0,0,0,,2,0,0,moderate,Temperate Conifer Forests,567.62,393.13,0.69525,5.54275
201,Muzika et al. 2000,Mixed Oaks,Thinning,1989,19.6,Stands 7&8,1990,basal area mortality,fraction,0.00813008,11,0.02696443,0.00813008,0.009375,11,0.03627558,0.0109375,insects,1990,1994,two-lined chestnut borer,Field experiment,West Virginia Univerity Forest,39.69,-79.77,"Lat and lon are location of research station hq, not individual stands; Mortality rate and ERRORS calculated by dividing mean and ERROR of dead BA by initial BA (without ERROR)..., mortality recalculated as fraction by Cedric",2,0,0,0,,3,0,0,low,Temperate Conifer Forests,567.62,393.13,0.69525,5.54275
201,Muzika et al. 2000,Mixed Oaks,Thinning,1989,19.6,Stands 7&8,1991,basal area mortality,fraction,0.1300813,11,0.1132506,0.03414634,0.2078125,11,0.15028456,0.0453125,insects,1990,1994,two-lined chestnut borer,Field experiment,West Virginia Univerity Forest,39.69,-79.77,"Lat and lon are location of research station hq, not individual stands; Mortality rate and ERRORS calculated by dividing mean and ERROR of dead BA by initial BA (without ERROR)..., mortality recalculated as fraction by Cedric",2,0,0,0,,3,0,0,low,Temperate Conifer Forests,567.62,393.13,0.69525,5.54275
201,Muzika et al. 2000,Mixed Oaks,Thinning,1989,19.6,Stands 7&8,1992,basal area mortality,fraction,0.04552846,11,0.04853597,0.01463415,0.071875,11,0.07255117,0.021875,insects,1990,1994,two-lined chestnut borer,Field experiment,West Virginia Univerity Forest,39.69,-79.77,"Lat and lon are location of research station hq, not individual stands; Mortality rate and ERRORS calculated by dividing mean and ERROR of dead BA by initial BA (without ERROR)..., mortality recalculated as fraction by Cedric",2,0,0,0,,3,0,0,low,Temperate Conifer Forests,567.62,393.13,0.69525,5.54275
201,Muzika et al. 2000,Mixed Oaks,Thinning,1989,19.6,Stands 7&8,1993,basal area mortality,fraction,0.01138211,11,0.04314309,0.01300813,0.0265625,11,0.04145781,0.0125,insects,1990,1994,two-lined chestnut borer,Field experiment,West Virginia Univerity Forest,39.69,-79.77,"Lat and lon are location of research station hq, not individual stands; Mortality rate and ERRORS calculated by dividing mean and ERROR of dead BA by initial BA (without ERROR)..., mortality recalculated as fraction by Cedric",2,0,0,0,,3,0,0,low,Temperate Conifer Forests,567.62,393.13,0.69525,5.54275
201,Muzika et al. 2000,Mixed Oaks,Thinning,1989,19.6,Stands 7&8,1994,basal area mortality,fraction,0,11,0.0377502,0.01138211,0.00625,11,0.03627558,0.0109375,insects,1990,1994,two-lined chestnut borer,Field experiment,West Virginia Univerity Forest,39.69,-79.77,"Lat and lon are location of research station hq, not individual stands; Mortality rate and ERRORS calculated by dividing mean and ERROR of dead BA by initial BA (without ERROR)..., mortality recalculated as fraction by Cedric",2,0,0,0,,3,0,0,low,Temperate Conifer Forests,567.62,393.13,0.69525,5.54275
211,Temperli et al 2014,Spruce,Thinning,1992-1998,NA,,2013,basal area,m2/ha,28.9,5,7.826237921,3.5,38.2,5,4.472135955,2,insects,2003,2013,spruce beetle,Field experiment,Dunton,37.8,-108.1,,1,0,0,0,,NA,0,0,,Temperate Conifer Forests,567.62,393.13,0.69525,5.54275
211,Temperli et al 2014,Spruce,Thinning,1992-1998,NA,,2013,basal area,m2/ha,18.6,5,11.85116028,5.3,51,5,25.04396135,11.2,insects,2003,2013,spruce beetle,Field experiment,Stoner Mesa,37.75,-108.15,,1,0,0,0,,NA,0,0,,Temperate Conifer Forests,567.62,393.13,0.69525,5.54275
211,Temperli et al 2014,Spruce,Thinning,1992-1998,NA,,2013,basal area,m2/ha,19.6,5,6.708203932,3,31.4,5,12.07476708,5.4,insects,2003,2013,spruce beetle,Field experiment,Hermosa,37.65,-107.9,,1,0,0,0,,NA,0,0,,Temperate Conifer Forests,567.62,393.13,0.69525,5.54275
211,Temperli et al 2014,Spruce,Thinning,1992-1998,NA,,2013,basal area,m2/ha,20.6,5,10.0623059,4.5,31,5,17.21772343,7.7,insects,2003,2013,spruce beetle,Field experiment,Tuckerville,37.5,-107.5,,1,0,0,0,,NA,0,0,,Temperate Conifer Forests,567.62,393.13,0.69525,5.54275
283,Fettig et al 2014,"Pinus ponderosa and jeffreyi, Abies concolor",h-burn-all,1997-2000,4.39259233,"BA removed here is % of trees removed, where removed is derived by substracting the beetle-caused mortality from total mortality over the measurement period. Non-beetle mortality was less than 1 % in control plots, so I think most of it can be attributed to fire mortality in the burn plots.",2008-2012,mortality % of trees,fraction,0.0621085595,6,0.0485806943,0.0198329854,0.0521920668,6,0.0460238156,0.0187891441,insects,unclear (200ish?),unclear (2010ish?),"bark beetles, various",Field experiment,Blacks Mountain Experimental Forest,40.67,-121.17,"Measurements roughly 10yr after treatment, number in treatment column refers to midpoint of 10cm diameter classes, ""l"" and ""h"" refer to thinning treatments prior to burns. These don't have a control, so should not be used as factor here.",2,0,0,1,,NA,0,0,,Temperate Conifer Forests,567.62,393.13,0.69525,5.54275
283,Fettig et al 2014,"Pinus ponderosa and jeffreyi, Abies concolor",l-burn-all,1997-2000,9.9046145,"BA removed here is % of trees removed, where removed is derived by substracting the beetle-caused mortality from total mortality over the measurement period. Non-beetle mortality was less than 1 % in control plots, so I think most of it can be attributed to fire mortality in the burn plots.",2008-2012,mortality % of trees,fraction,0.0871607516,6,0.0473022549,0.0193110647,0.0412317328,6,0.0485806943,0.0198329854,insects,unclear (200ish?),unclear (2010ish?),"bark beetles, various",Field experiment,Blacks Mountain Experimental Forest,40.67,-121.17,"Measurements roughly 10yr after treatment, number in treatment column refers to midpoint of 10cm diameter classes, ""l"" and ""h"" refer to thinning treatments prior to burns. These don't have a control, so should not be used as factor here.",2,0,0,1,,NA,0,0,,Temperate Conifer Forests,567.62,393.13,0.69525,5.54275
284,Westlind and Kerns 2021,Ponderosa Pine,fall burn - 5 yr reburn interval,"1997, 2002, 2007, 2012/13 ",NA,"no mention of severity, but probably lower severity, as flame length only 1.5m",2002-2017,mortality,nr trees per ha,3.44387755,6,7.57176455,3.09115993,12.8188776,6,7.97027847,3.25385256,insects,unclear (2002),unclear (2017),western pine beetle,Field experiment,Emigrant Creek Ranger District,43.8,-118.98,Cumulative mortality from 2002 to 2017,2,0,0,1,,NA,0,0,,Temperate Conifer Forests,567.62,393.13,0.69525,5.54275
284,Westlind and Kerns 2021,Ponderosa Pine,fall burn - 15 yr reburn interval,"1997, 2012/13 ",NA,"no mention of severity, but probably lower severity, as flame length only 1.5m",2002-2017,mortality,nr trees per ha,6.05867347,6,8.20938683,3.35146814,12.8188776,6,7.97027847,3.25385256,insects,unclear (2002),unclear (2017),western pine beetle,Field experiment,Emigrant Creek Ranger District,43.8,-118.98,Cumulative mortality from 2002 to 2018,2,0,0,1,,NA,0,0,,Temperate Conifer Forests,567.62,393.13,0.69525,5.54275
284,Westlind and Kerns 2021,Ponderosa Pine,spring burn - 5 yr reburn interval,"1998, 2003, 2008, 2013/14",NA,"no mention of severity, but probably lower severity, as flame length only 1.5m",2002-2017,mortality,nr trees per ha,12.627551,6,7.49206177,3.05862141,12.8188776,6,7.97027847,3.25385256,insects,unclear (2002),unclear (2017),western pine beetle,Field experiment,Emigrant Creek Ranger District,43.8,-118.98,Cumulative mortality from 2002 to 2019,2,0,0,1,,NA,0,0,,Temperate Conifer Forests,567.62,393.13,0.69525,5.54275
284,Westlind and Kerns 2021,Ponderosa Pine,spring burn - 15 yr reburn interval,"1998, 2012/13 ",NA,"no mention of severity, but probably lower severity, as flame length only 1.5m",2002-2017,mortality,nr trees per ha,10.5867347,6,7.73117012,3.15623698,12.8188776,6,7.97027847,3.25385256,insects,unclear (2002),unclear (2017),western pine beetle,Field experiment,Emigrant Creek Ranger District,43.8,-118.98,Cumulative mortality from 2002 to 2020,2,0,0,1,,NA,0,0,,Temperate Conifer Forests,567.62,393.13,0.69525,5.54275
288,Fettig et al 2010,"Mixed conifers, mostly ponderosa and jeffrey pine",early-season-burn-all,2005,15.4368932,"BA removed here is % of trees removed, where removed is derived from ""direct mortality"", i.e. trees which died from the fire by 2008 without signs of beetle attack.",2008,mortality % of trees,fraction,0.0601398601,3,0.0218020381,0.0125874126,0.0027972028,3,0.0012112243,0.0006993007,insects,unclear (2005?),unclear (2008),"bark beetles, various",Field experiment,Tahoe National Forest,39.45,-120.12,Number in the treatment column is mid-point of 10cm diameter class,2,0,0,0,,NA,0,0,,Temperate Conifer Forests,567.62,393.13,0.69525,5.54275
288,Fettig et al 2010,"Mixed conifers, mostly ponderosa and jeffrey pine",late-season-burn-all,2005,18.3495146,"BA removed here is % of trees removed, where removed is derived from ""direct mortality"", i.e. trees which died from the fire by 2008 without signs of beetle attack.",2008,mortality % of trees,fraction,0.0692307692,3,0.046026525,0.0265734266,0.0027972028,3,0.0012112243,0.0006993007,insects,unclear (2005?),unclear (2008),"bark beetles, various",Field experiment,Tahoe National Forest,39.45,-120.12,Number in the treatment column is mid-point of 10cm diameter class,2,0,0,0,,NA,0,0,,Temperate Conifer Forests,505.826667,1495.69667,0.94080556,11.7462639
292,Six and Ksov 2009,Douglas-fir,Thin,2001,40,"34-45%, BA removed calculated from Table 1 BA before and 5 years after treatment",2004,"mortality, % of trees",fraction,0,3,NA,NA,0,3,NA,NA,insects,2001,2005,douglas Fir Beetle,Field Experiment,University of Montana Lubrecht Experimental Forest,47,-113,Extracted from Table 2,2,0,1,0,,1,0,0,moderate,Temperate Conifer Forests,505.826667,1495.69667,0.94080556,11.7462639
292,Six and Ksov 2009,Douglas-fir,Thin + Burn,2001&2002,62,"58-65%, BA removed calculated from Table 1 BA before and 5 years after treatment",2004,"mortality, % of trees",fraction,0.2,3,NA,NA,0,3,NA,NA,insects,2001,2005,douglas Fir Beetle,Field Experiment,University of Montana Lubrecht Experimental Forest,47,-113,Extracted from Table 2,2,0,1,0,,2,0,0,,Temperate Conifer Forests,505.826667,1495.69667,0.94080556,11.7462639
292,Six and Ksov 2009,Douglas-fir,Burn,2002,8,"0-16%, BA removed calculated from Table 1 BA before and 5 years after treatment",2004,"mortality, % of trees",fraction,0.06,3,NA,NA,0,3,NA,NA,insects,2001,2005,douglas Fir Beetle,Field Experiment,University of Montana Lubrecht Experimental Forest,47,-113,Extracted from Table 2,2,0,1,0,,3,0,0,,Temperate Conifer Forests,505.826667,1495.69667,0.94080556,11.7462639
292,Six and Ksov 2009,Ponderosa pine,Thin,2001,40,"34-45%, BA removed calculated from Table 1 BA before and 5 years after treatment",2004,"mortality, % of trees",fraction,0.0012,3,NA,NA,0.0116,3,NA,NA,insects,2001,2005,mountain pine beetle,Field Experiment,University of Montana Lubrecht Experimental Forest,47,-113,Extracted from Table 2,2,0,1,0,,1,0,0,moderate,Temperate Conifer Forests,505.826667,1495.69667,0.94080556,11.7462639
292,Six and Ksov 2009,Ponderosa pine,Thin + Burn,2001&2002,62,"58-65%, BA removed calculated from Table 1 BA before and 5 years after treatment",2004,"mortality, % of trees",fraction,0.0034,3,NA,NA,0.0116,3,NA,NA,insects,2001,2005,mountain pine beetle,Field Experiment,University of Montana Lubrecht Experimental Forest,47,-113,Extracted from Table 2,2,0,1,0,,2,0,0,,Temperate Conifer Forests,505.826667,1495.69667,0.94080556,11.7462639
292,Six and Ksov 2009,Ponderosa pine,Burn,2002,8,"0-16%, BA removed calculated from Table 1 BA before and 5 years after treatment",2004,"mortality, % of trees",fraction,0.0273,3,NA,NA,0.0116,3,NA,NA,insects,2001,2005,mountain pine beetle,Field Experiment,University of Montana Lubrecht Experimental Forest,47,-113,Extracted from Table 2,2,0,1,0,,3,0,0,,Temperate Conifer Forests,505.826667,1495.69667,0.94080556,11.7462639
292,Six and Ksov 2009,Ponderosa pine,Thin,2001,40,"34-45%, BA removed calculated from Table 1 BA before and 5 years after treatment",2004,"mortality, % of trees",fraction,0,3,NA,NA,0,3,NA,NA,insects,2001,2005,western pine beetle,Field Experiment,University of Montana Lubrecht Experimental Forest,47,-113,Extracted from Table 2,2,0,1,0,,1,0,0,moderate,Temperate Conifer Forests,505.826667,1495.69667,0.94080556,11.7462639
292,Six and Ksov 2009,Ponderosa pine,Thin + Burn,2001&2002,62,"58-65%, BA removed calculated from Table 1 BA before and 5 years after treatment",2004,"mortality, % of trees",fraction,0.0067,3,NA,NA,0,3,NA,NA,insects,2001,2005,western pine beetle,Field Experiment,University of Montana Lubrecht Experimental Forest,47,-113,Extracted from Table 2,2,0,1,0,,2,0,0,,Temperate Conifer Forests,505.826667,1495.69667,0.94080556,11.7462639
292,Six and Ksov 2009,Ponderosa pine,Burn,2002,8,"0-16%, BA removed calculated from Table 1 BA before and 5 years after treatment",2004,"mortality, % of trees",fraction,0.0087,3,NA,NA,0,3,NA,NA,insects,2001,2005,western pine beetle,Field Experiment,University of Montana Lubrecht Experimental Forest,47,-113,Extracted from Table 2,2,0,1,0,,3,0,0,,Temperate Conifer Forests,505.826667,1495.69667,0.94080556,11.7462639
292,Six and Ksov 2009,Ponderosa pine,Thin,2001,40,"34-45%, BA removed calculated from Table 1 BA before and 5 years after treatment",2004,"mortality, % of trees",fraction,0.0002,3,NA,NA,0.015,3,NA,NA,insects,2001,2005,pine engraver,Field Experiment,University of Montana Lubrecht Experimental Forest,47,-113,Extracted from Table 2,2,0,1,0,,1,0,0,moderate,Temperate Conifer Forests,505.826667,1495.69667,0.94080556,11.7462639
292,Six and Ksov 2009,Ponderosa pine,Thin + Burn,2001&2002,62,"58-65%, BA removed calculated from Table 1 BA before and 5 years after treatment",2004,"mortality, % of trees",fraction,0.0104,3,NA,NA,0.015,3,NA,NA,insects,2001,2005,pine engraver,Field Experiment,University of Montana Lubrecht Experimental Forest,47,-113,Extracted from Table 2,2,0,1,0,,2,0,0,,Temperate Conifer Forests,505.826667,1495.69667,0.94080556,11.7462639
292,Six and Ksov 2009,Ponderosa pine,Burn,2002,8,"0-16%, BA removed calculated from Table 1 BA before and 5 years after treatment",2004,"mortality, % of trees",fraction,0.0037,3,NA,NA,0.015,3,NA,NA,insects,2001,2005,pine engraver,Field Experiment,University of Montana Lubrecht Experimental Forest,47,-113,Extracted from Table 2,2,0,1,0,,3,0,0,,Temperate Conifer Forests,505.826667,1495.69667,0.94080556,11.7462639
292,Six and Ksov 2009,Lodgepole pine,Thin,2001,40,"34-45%, BA removed calculated from Table 1 BA before and 5 years after treatment",2004,"mortality, % of trees",fraction,0,3,NA,NA,0,3,NA,NA,insects,2001,2005,mountain pine beetle,Field Experiment,University of Montana Lubrecht Experimental Forest,47,-113,Extracted from Table 2,2,0,1,0,,1,0,0,moderate,Temperate Conifer Forests,505.826667,1495.69667,0.94080556,11.7462639
292,Six and Ksov 2009,Lodgepole pine,Thin + Burn,2001&2002,62,"58-65%, BA removed calculated from Table 1 BA before and 5 years after treatment",2004,"mortality, % of trees",fraction,0,3,NA,NA,0,3,NA,NA,insects,2001,2005,mountain pine beetle,Field Experiment,University of Montana Lubrecht Experimental Forest,47,-113,Extracted from Table 2,2,0,1,0,,2,0,0,,Temperate Conifer Forests,505.826667,1495.69667,0.94080556,11.7462639
292,Six and Ksov 2009,Lodgepole pine,Burn,2002,8,"0-16%, BA removed calculated from Table 1 BA before and 5 years after treatment",2004,"mortality, % of trees",fraction,0.333,3,NA,NA,0,3,NA,NA,insects,2001,2005,mountain pine beetle,Field Experiment,University of Montana Lubrecht Experimental Forest,47,-113,Extracted from Table 2,2,0,1,0,,3,0,0,,Temperate Conifer Forests,505.826667,1495.69667,0.94080556,11.7462639
292,Six and Ksov 2009,Lodgepole pine,Thin,2001,40,"34-45%, BA removed calculated from Table 1 BA before and 5 years after treatment",2004,"mortality, % of trees",fraction,0.0667,3,NA,NA,0,3,NA,NA,insects,2001,2005,pine engraver,Field Experiment,University of Montana Lubrecht Experimental Forest,47,-113,Extracted from Table 2,2,0,1,0,,1,0,0,moderate,Temperate Conifer Forests,505.826667,1495.69667,0.94080556,11.7462639
292,Six and Ksov 2009,Lodgepole pine,Thin + Burn,2001&2002,62,"58-65%, BA removed calculated from Table 1 BA before and 5 years after treatment",2004,"mortality, % of trees",fraction,0.5,3,NA,NA,0,3,NA,NA,insects,2001,2005,pine engraver,Field Experiment,University of Montana Lubrecht Experimental Forest,47,-113,Extracted from Table 2,2,0,1,0,,2,0,0,,Temperate Conifer Forests,505.826667,1495.69667,0.94080556,11.7462639
292,Six and Ksov 2009,Lodgepole pine,Burn,2002,8,"0-16%, BA removed calculated from Table 1 BA before and 5 years after treatment",2004,"mortality, % of trees",fraction,0.333,3,NA,NA,0,3,NA,NA,insects,2001,2005,pine engraver,Field Experiment,University of Montana Lubrecht Experimental Forest,47,-113,Extracted from Table 2,2,0,1,0,,3,0,0,,Temperate Conifer Forests,505.826667,1495.69667,0.94080556,11.7462639
299,McNichol et al 2019,Loblolly pine (and a few shortleaf pines),burn-may,2017,NA,keeping flame hight below 1m whenever possible. 5 trees died with high scorch rating and no beetles,2017,"mortality, % of trees",fraction,0.0214054054,15,0.0502441083,0.012972973,0.0703783784,15,0.051500211,0.0132972973,insects,before treatment,Nov 2017,"Ips species for the most part, but some trees died with low or now Ips infestation",Field experiment,Bishop F Grant Memorial Forest,33.42,-83.45,"Note: barkbeetles were present BEFORE fire treatment and died down at last census (ca 6 month after burn), mortality is not always definitely bark beetle caused!",2,1,0,1,,NA,0,0,,Temperate Conifer Forests,505.826667,1495.69667,0.94080556,11.7462639
299,McNichol et al 2019,Loblolly pine (and a few shortleaf pines),burn-july,2017,NA,keeping flame hight below 1m whenever possible. 5 trees died with high scorch rating and no beetles,2017,"mortality, % of trees",fraction,0.024972973,15,0.0502441083,0.012972973,0.0943783784,15,0.0502441083,0.012972973,insects,before treatment,Nov 2017,"Ips species for the most part, but some trees died with low or now Ips infestation",Field experiment,Bishop F Grant Memorial Forest,33.42,-83.45,"Note: barkbeetles were present BEFORE fire treatment and died down at last census (ca 6 month after burn), mortality is not always definitely bark beetle caused!",2,1,0,1,,NA,0,0,,Temperate Conifer Forests,505.826667,1495.69667,0.94080556,11.7462639
299,McNichol et al 2019,Loblolly pine (and a few shortleaf pines),burn-sept,2017,NA,keeping flame hight below 1m whenever possible. 5 trees died with high scorch rating and no beetles,2017,"mortality, % of trees",fraction,0.024972973,15,0.0502441083,0.012972973,0.102810811,15,0.051500211,0.0132972973,insects,before treatment,Nov 2017,"Ips species for the most part, but some trees died with low or now Ips infestation",Field experiment,Bishop F Grant Memorial Forest,33.42,-83.45,"Note: barkbeetles were present BEFORE fire treatment and died down at last census (ca 6 month after burn), mortality is not always definitely bark beetle caused!",2,1,0,1,,NA,0,0,,Temperate Conifer Forests,505.826667,1495.69667,0.94080556,11.7462639
299,McNichol et al 2019,Loblolly pine (and a few shortleaf pines),burn-nov,2017,NA,keeping flame hight below 1m whenever possible. 5 trees died with high scorch rating and no beetles,2017,"mortality, % of trees",fraction,0.0548108108,15,0.0527563137,0.0136216216,0.109621622,15,0.0502441083,0.012972973,insects,before treatment,Nov 2017,"Ips species for the most part, but some trees died with low or now Ips infestation",Field experiment,Bishop F Grant Memorial Forest,33.42,-83.45,"Note: barkbeetles were present BEFORE fire treatment and died down at last census (ca 6 month after burn), mortality is not always definitely bark beetle caused!",2,1,0,1,,NA,0,0,,Temperate Conifer Forests,505.826667,1495.69667,0.94080556,11.7462639
306,Fettig et al 2021,ponderosa pine; Douglas fir; grand fir; white fir; sugar pine; western white pine; ,Fifty (50) UMZ (low density stand),"thinning: 2011, 2012, 2013; prescribed fire 2 years after thinning",< 50,thinning and prescribed fire happened in different years for different blocks,"2014, 2015, 2016 (1 year after prescribed fire)",percentage of trees killed,fraction,0.0021330694,3,0.003642623226,0.0021030695,0.0004146341,4,0.00024390253,0.000121951265,insects,unclear (maybe after prescribed fire),unclear,bark beetles,Field experiment,Lookout Mountain Unit of Pringle Falls Experimental Forest,43.7,-121.617,"mortality by bark beetle is classified into specific species (western pine beetle, pine engraver)",2,0,0,0,,NA,0,0,,Temperate Conifer Forests,505.826667,1495.69667,0.94080556,11.7462639
306,Fettig et al 2021,ponderosa pine; Douglas fir; grand fir; white fir; sugar pine; western white pine; ,Seventy-five (75) UMZ (medium density stand),"thinning: 2011, 2012, 2013; prescribed fire 2 years after thinning",< 75,thinning and prescribed fire happened in different years for different blocks,"2014, 2015, 2016 (1 year after prescribed fire)",percentage of trees killed,fraction,0.005287663,4,0.002989106,0.001494553,0.0004146341,4,0.00024390253,0.000121951265,insects,unclear (maybe after prescribed fire),unclear,bark beetles,Field experiment,Lookout Mountain Unit of Pringle Falls Experimental Forest,43.7,-121.617,"mortality by bark beetle is classified into specific species (western pine beetle, pine engraver)",2,0,0,0,,NA,0,0,,Temperate Conifer Forests,505.826667,1495.69667,0.94080556,11.7462639
306,Fettig et al 2021,ponderosa pine; Douglas fir; grand fir; white fir; sugar pine; western white pine; ,Seventy-five (75) UMZ Gap,"thinning: 2011, 2012, 2013; prescribed fire 2 years after thinning",< 75,thinning and prescribed fire happened in different years for different blocks; regeneration cut,"2014, 2015, 2016 (1 year after prescribed fire)",percentage of trees killed,fraction,0.0113984082,4,0.0103597058,0.0051798529,0.0004146341,4,0.00024390253,0.000121951265,insects,unclear (maybe after prescribed fire),unclear,bark beetles,Field experiment,Lookout Mountain Unit of Pringle Falls Experimental Forest,43.7,-121.617,"mortality by bark beetle is classified into specific species (western pine beetle, pine engraver)",2,0,0,0,,NA,0,0,,Temperate Conifer Forests,505.826667,1495.69667,0.94080556,11.7462639
306,Fettig et al 2021,ponderosa pine; Douglas fir; grand fir; white fir; sugar pine; western white pine; ,One hundred (100) UMZ (high density stand),"thinning: 2011, 2012, 2013; prescribed fire 2 years after thinning",< 100,thinning and prescribed fire happened in different years for different blocks,"2014, 2015, 2016 (1 year after prescribed fire)",percentage of trees killed,fraction,0.0117024215,4,0.0047822536,0.0023911268,0.0004146341,4,0.00024390253,0.000121951265,insects,unclear (maybe after prescribed fire),unclear,bark beetles,Field experiment,Lookout Mountain Unit of Pringle Falls Experimental Forest,43.7,-121.617,"mortality by bark beetle is classified into specific species (western pine beetle, pine engraver)",2,0,0,0,,NA,0,0,,Temperate Conifer Forests,505.826667,1495.69667,0.94080556,11.7462639
396,Muzika et al. 2004,"Liriodendron tulipifera L., Quercus alba L., Quercus rubra L., Tsuga canadensis (L.) Carr., Tilia americana L., Fraxinus americana L.",thinning,2000,28,"treatment year is not stated, using 2000 as fill-in so meas-year makes sense",2000,total basal area,m2/ha,31.1,8,NA,NA,30.1,8,NA,NA,insects,unclear (maybe after thinning),unclear,gypsy moth,Field experiment,West Virginia University Forest,39.7086,-79.9808,coordinates are estimated with site name,1,0,1,0,,NA,0,0,moderate,Temperate Conifer Forests,248.59,678.25,0.47605556,2.52705556
396,Muzika et al. 2004,"Liriodendron tulipifera L., Quercus alba L., Quercus rubra L., Tsuga canadensis (L.) Carr., Tilia americana L., Fraxinus americana L.",thinning,2000,28,"treatment year is not stated, using 2000 as fill-in so meas-year makes sense",2001,total basal area,m2/ha,22.3,8,NA,NA,30.4,8,NA,NA,insects,unclear (maybe after thinning),unclear,gypsy moth,Field experiment,West Virginia University Forest,39.7086,-79.9808,coordinates are estimated with site name,1,0,1,0,,NA,0,0,moderate,Temperate Conifer Forests,323.613333,629.116667,0.53975,4.01075
396,Muzika et al. 2004,"Liriodendron tulipifera L., Quercus alba L., Quercus rubra L., Tsuga canadensis (L.) Carr., Tilia americana L., Fraxinus americana L.",thinning,2000,28,"treatment year is not stated, using 2000 as fill-in so meas-year makes sense",2002,total basal area,m2/ha,21,8,NA,NA,27.1,8,NA,NA,insects,unclear (maybe after thinning),unclear,gypsy moth,Field experiment,West Virginia University Forest,39.7086,-79.9808,coordinates are estimated with site name,1,0,1,0,,NA,0,0,moderate,Temperate Conifer Forests,259.55,680.51,0.48302778,3.17605556
396,Muzika et al. 2004,"Liriodendron tulipifera L., Quercus alba L., Quercus rubra L., Tsuga canadensis (L.) Carr., Tilia americana L., Fraxinus americana L.",thinning,2000,28,"treatment year is not stated, using 2000 as fill-in so meas-year makes sense",2003,total basal area,m2/ha,20.7,8,NA,NA,25.6,8,NA,NA,insects,unclear (maybe after thinning),unclear,gypsy moth,Field experiment,West Virginia University Forest,39.7086,-79.9808,coordinates are estimated with site name,1,0,1,0,,NA,0,0,moderate,Temperate Conifer Forests,240.89,696.696667,0.44019444,3.15236111
455,Smirnova et al 2021,Ponderosa pine,Thinning,2004,NA,3.7m spacing,2014,"mortality, % of trees",fraction,0.2,6,0.26862613,0.10966616,0.123333,6,0.2001666,0.08171767,insects,1999,2015,mountain pine beetle,Field Experiment,"Darby Ranger District, Bitterroot national forest",46.069,-114.276,"Data extracted from table 1, start and end date of disturbance is unclear, probably within the study period, paper only presents ""cumulative impact"" of MPB in the region from 1999-2015, Coordinates approximated from the map in the paper",2,1,0,0,,NA,0,0,,Temperate Conifer Forests,484.113333,380.243333,0.64486111,5.51936111
455,Smirnova et al 2021,Ponderosa pine,Thinning,2004,NA,5.5m spacing,2014,"mortality, % of trees",fraction,0,6,0,0,0.123333,6,0.2001666,0.08171767,insects,1999,2015,mountain pine beetle,Field Experiment,"Darby Ranger District, Bitterroot national forest",46.069,-114.276,"Data extracted from table 1, start and end date of disturbance is unclear, probably within the study period, paper only presents ""cumulative impact"" of MPB in the region from 1999-2015, Coordinates approximated from the map in the paper",2,1,0,0,,NA,0,0,,Temperate Conifer Forests,484.113333,380.243333,0.64486111,5.51936111
455,Smirnova et al 2021,Ponderosa pine,Thinning,2004,NA,3.7m spacing + pruning lower half of tree,2014,"mortality, % of trees",fraction,0.003333,6,0.00816497,0.00333333,0.123333,6,0.2001666,0.08171767,insects,1999,2015,mountain pine beetle,Field Experiment,"Darby Ranger District, Bitterroot national forest",46.069,-114.276,"Data extracted from table 1, start and end date of disturbance is unclear, probably within the study period, paper only presents ""cumulative impact"" of MPB in the region from 1999-2015, Coordinates approximated from the map in the paper",2,1,0,0,,NA,0,0,,Temperate Conifer Forests,484.113333,380.243333,0.64486111,5.51936111